id,title,handle,original_url,category,tags,description_clean,description_html,images,remote_images,image_count,variant_count,skus,price_min,price_max,variants_json
9419682611418,ENGRAVING SERVICE,engraving-service,https://www.svakom.com/products/engraving-service,Accessories,,"Add a personal touch to your favorite SVAKOM product with our custom engraving service. Personalize your purchase with a name, initials, a meaningful date, or a short message to create a one-of-a-kind keepsake or gift. Every engraved item is carefully reviewed before production and customized exclusively for you. Perfect for birthdays, anniversaries, weddings, Valentine's Day, or any special occasion, our engraving service transforms your SVAKOM product into a unique and memorable personalized gift.

This engraving service is available for selected SVAKOM products and allows customers to add custom text before checkout. Each personalized item is engraved with precision to create a lasting keepsake while maintaining the premium quality of your original product.","<p>Add a personal touch to your favorite SVAKOM product with our custom engraving service. Personalize your purchase with a name, initials, a meaningful date, or a short message to create a one-of-a-kind keepsake or gift. Every engraved item is carefully reviewed before production and customized exclusively for you. Perfect for birthdays, anniversaries, weddings, Valentine's Day, or any special occasion, our engraving service transforms your SVAKOM product into a unique and memorable personalized gift.</p>
<p><br>This engraving service is available for selected SVAKOM products and allows customers to add custom text before checkout. Each personalized item is engraved with precision to create a lasting keepsake while maintaining the premium quality of your original product.</p>",media/engraving-service/Engraving_1.webp|media/engraving-service/Engraving_2.webp|media/engraving-service/Engraving_3.webp|media/engraving-service/Engraving_4.webp|media/engraving-service/Engraving_5.webp,https://cdn.shopify.com/s/files/1/0659/3334/4986/files/klitty_engraving_carousel_picture.webp|https://cdn.shopify.com/s/files/1/0659/3334/4986/files/engraving_carousel.webp|https://cdn.shopify.com/s/files/1/0659/3334/4986/files/1_163ebf12-008d-468f-887f-2fbb52b6a77e.webp|https://cdn.shopify.com/s/files/1/0659/3334/4986/files/8_ad45ea15-8328-4a38-84ec-dab95af21a27.webp|https://cdn.shopify.com/s/files/1/0659/3334/4986/files/9_cc506dd7-4caa-4c76-9883-d6304c7051c1.webp,5,1,Engraving,17.95,17.95,"[{""sku"": ""Engraving"", ""title"": ""Default Title"", ""price"": ""17.95"", ""compare_at_price"": null, ""available"": true, ""weight_grams"": 0}]"
9187760996570,ERICA PLUS,wearable-clitoral-vibrator-erica-plus,https://www.svakom.com/products/wearable-clitoral-vibrator-erica-plus,Prostate Massagers,"app-controlled sex toys, APP-controlled Toys, Apps Controlled Toys, bluetooth control, bluetooth vibrator, classic vibrators, Couples, female sex toys, female toys, g-spot, g-spot vibrators, gay sex toys, gender neutral, interactive sex toys, Interactive Toys, lesbian sex toys, LGBT sex toys, male, Male Sex Toys, new, Newest, perineal, Perineum Toys, perineum vibrators, prostate vibrators, sex toy, sex toys, thrusting vibrators, vibrator, vibrators, wearable vibrator","The Hands-Free Upgrade You've Been Waiting For

Some toys ask for your full attention.

Erica Plus gives you the freedom to focus on everything else.

Designed for comfortable wearable stimulation, Erica Plus sits naturally against your body, delivering targeted internal and external vibration without needing to hold it in place. The flexible shape follows your curves, while dual motors create layered sensations that feel powerful without sacrificing comfort.

Whether you're relaxing at home, exploring with a partner, or enjoying app-controlled interaction from anywhere in the world, Erica Plus was designed to move with you—not interrupt the moment.

Comfortable enough to wear.

Powerful enough to remember.

Frequently Asked Questions

What is SVAKOM Erica Plus?

SVAKOM Erica Plus is a wearable dual-motor vibrator designed to provide simultaneous internal and external stimulation. Its ergonomic shape allows for comfortable hands-free use while delivering customizable vibration patterns.

What makes Erica Plus different from the original Erica?

Erica Plus builds upon the wearable design that made Erica popular, offering an upgraded experience with improved comfort, fit, and control while maintaining the hands-free stimulation users love.

Is Erica Plus a wearable vibrator?

Yes. Erica Plus is specifically designed for wearable use. Its flexible shape helps keep the device comfortably positioned while you enjoy hands-free stimulation.

Can I use Erica Plus hands-free?

Yes. Erica Plus is designed to stay comfortably in place during use, allowing you to enjoy stimulation without constantly holding the device.

Is Erica Plus app controlled?

Yes. Erica Plus connects to the SVAKOM App, allowing you to customize patterns, adjust intensity levels, and share control remotely with a partner.

Is Erica Plus suitable for long-distance couples?

Absolutely. Through the SVAKOM App, partners can control vibration settings remotely, making Erica Plus a popular choice for long-distance interaction and shared experiences.

Is Erica Plus beginner-friendly?

Yes. Erica Plus combines an intuitive design with adjustable vibration settings, making it approachable for first-time users while still offering enough versatility for experienced users.

How many vibration settings does Erica Plus have?

Erica Plus offers multiple vibration patterns and intensity levels, allowing users to customize each session according to their preferences.

Is Erica Plus waterproof?

Yes. Erica Plus is waterproof, making it easy to clean and suitable for use in the bath or shower.

What is Erica Plus made from?

Erica Plus is crafted from premium body-safe silicone that feels soft against the skin while remaining flexible, durable, and easy to maintain.

Why do people love Erica Plus?

Many users appreciate Erica Plus because it combines wearable comfort, hands-free convenience, dual stimulation, and app-enabled control in one elegant design. It delivers freedom, flexibility, and customization without requiring constant adjustment during use.","<h2>The Hands-Free Upgrade You've Been Waiting For</h2>
<p>Some toys ask for your full attention.</p>
<p>Erica Plus gives you the freedom to focus on everything else.</p>
<p>Designed for comfortable wearable stimulation, Erica Plus sits naturally against your body, delivering targeted internal and external vibration without needing to hold it in place. The flexible shape follows your curves, while dual motors create layered sensations that feel powerful without sacrificing comfort.</p>
<p>Whether you're relaxing at home, exploring with a partner, or enjoying app-controlled interaction from anywhere in the world, Erica Plus was designed to move with you—not interrupt the moment.</p>
<p>Comfortable enough to wear.</p>
<p>Powerful enough to remember.</p>
<hr>
<h2>Frequently Asked Questions</h2>
<h3>What is SVAKOM Erica Plus?</h3>
<p>SVAKOM Erica Plus is a wearable dual-motor vibrator designed to provide simultaneous internal and external stimulation. Its ergonomic shape allows for comfortable hands-free use while delivering customizable vibration patterns.</p>
<hr>
<h3>What makes Erica Plus different from the original Erica?</h3>
<p>Erica Plus builds upon the wearable design that made Erica popular, offering an upgraded experience with improved comfort, fit, and control while maintaining the hands-free stimulation users love.</p>
<hr>
<h3>Is Erica Plus a wearable vibrator?</h3>
<p>Yes. Erica Plus is specifically designed for wearable use. Its flexible shape helps keep the device comfortably positioned while you enjoy hands-free stimulation.</p>
<hr>
<h3>Can I use Erica Plus hands-free?</h3>
<p>Yes. Erica Plus is designed to stay comfortably in place during use, allowing you to enjoy stimulation without constantly holding the device.</p>
<hr>
<h3>Is Erica Plus app controlled?</h3>
<p>Yes. Erica Plus connects to the SVAKOM App, allowing you to customize patterns, adjust intensity levels, and share control remotely with a partner.</p>
<hr>
<h3>Is Erica Plus suitable for long-distance couples?</h3>
<p>Absolutely. Through the SVAKOM App, partners can control vibration settings remotely, making Erica Plus a popular choice for long-distance interaction and shared experiences.</p>
<hr>
<h3>Is Erica Plus beginner-friendly?</h3>
<p>Yes. Erica Plus combines an intuitive design with adjustable vibration settings, making it approachable for first-time users while still offering enough versatility for experienced users.</p>
<hr>
<h3>How many vibration settings does Erica Plus have?</h3>
<p>Erica Plus offers multiple vibration patterns and intensity levels, allowing users to customize each session according to their preferences.</p>
<hr>
<h3>Is Erica Plus waterproof?</h3>
<p>Yes. Erica Plus is waterproof, making it easy to clean and suitable for use in the bath or shower.</p>
<hr>
<h3>What is Erica Plus made from?</h3>
<p>Erica Plus is crafted from premium body-safe silicone that feels soft against the skin while remaining flexible, durable, and easy to maintain.</p>
<hr>
<h3>Why do people love Erica Plus?</h3>
<p>Many users appreciate Erica Plus because it combines wearable comfort, hands-free convenience, dual stimulation, and app-enabled control in one elegant design. It delivers freedom, flexibility, and customization without requiring constant adjustment during use.</p>",media/wearable-clitoral-vibrator-erica-plus/SA649A_1.webp|media/wearable-clitoral-vibrator-erica-plus/SA649A_2.webp|media/wearable-clitoral-vibrator-erica-plus/SA649A_3.webp|media/wearable-clitoral-vibrator-erica-plus/SA649A_4.webp|media/wearable-clitoral-vibrator-erica-plus/SA649A_5.webp|media/wearable-clitoral-vibrator-erica-plus/SA649A_6.webp|media/wearable-clitoral-vibrator-erica-plus/SA649A_7.webp|media/wearable-clitoral-vibrator-erica-plus/SA649A_8.webp|media/wearable-clitoral-vibrator-erica-plus/SA649A_9.webp|media/wearable-clitoral-vibrator-erica-plus/SA649A_10.webp|media/wearable-clitoral-vibrator-erica-plus/SA649A_11.webp,https://cdn.shopify.com/s/files/1/0659/3334/4986/files/ericapluscarosel1.webp|https://cdn.shopify.com/s/files/1/0659/3334/4986/files/Erica-Plus_422de8bd-fc90-43e4-b93c-3f395d72cf7e.webp|https://cdn.shopify.com/s/files/1/0659/3334/4986/files/ericapluscarosel2.webp|https://cdn.shopify.com/s/files/1/0659/3334/4986/files/ericapluscarosel3.webp|https://cdn.shopify.com/s/files/1/0659/3334/4986/files/ericapluscarosel4.webp|https://cdn.shopify.com/s/files/1/0659/3334/4986/files/ericapluscarosel5.webp|https://cdn.shopify.com/s/files/1/0659/3334/4986/files/ericapluscarosel6.webp|https://cdn.shopify.com/s/files/1/0659/3334/4986/files/ericapluscarosel7.webp|https://cdn.shopify.com/s/files/1/0659/3334/4986/files/ericapluscarosel8.webp|https://cdn.shopify.com/s/files/1/0659/3334/4986/files/ericapluscarosel9.webp|https://cdn.shopify.com/s/files/1/0659/3334/4986/files/ericapluscarosel10.webp,11,1,SA649A,86.95,86.95,"[{""sku"": ""SA649A"", ""title"": ""Default Title"", ""price"": ""86.95"", ""compare_at_price"": null, ""available"": true, ""weight_grams"": 122}]"
9280049184986,BRACELETA,necklace-vibrator-braceleta,https://www.svakom.com/products/necklace-vibrator-braceleta,Clitoral Vibrators,"All Products, Beginner, beginner's sex toys, Best Sellers, clitoral vibrators, exclusive, female sex toys, female toys, Foreplay Toys, foreplay vibrators, lesbian sex toys, LGBT sex toys, LimitedTimeSales, new, Newest, sex toy, sex toys, vibrator, vibrators, wearable vibrator","A Necklace Nobody Questions

Braceleta was designed for those who appreciate beautiful things with a secret. Elegant enough to wear every day and powerful enough when the moment feels right, it blurs the line between jewelry and pleasure in a way only SVAKOM can.

Frequently Asked Questions

What is SVAKOM Braceleta?

SVAKOM Braceleta is a wearable necklace vibrator that combines elegant jewelry-inspired design with personal pleasure technology. It looks like a stylish accessory while offering powerful vibration modes whenever you want them.

Can I wear Braceleta as a real necklace?

Yes. Braceleta is designed to be worn as an everyday necklace. Its sleek, jewelry-inspired appearance makes it discreet enough for daily wear while keeping pleasure close at hand.

Is Braceleta discreet?

Absolutely. Braceleta was created for users who value both style and privacy. The elegant pendant design blends naturally with your accessories and does not resemble a traditional vibrator.

Is Braceleta suitable for beginners?

Yes. With intuitive controls and multiple vibration intensities, Braceleta is beginner-friendly while still offering enough variety for more experienced users.

How powerful is Braceleta?

Braceleta features multiple vibration modes and intensity levels, allowing you to explore everything from gentle stimulation to stronger sensations depending on your preferences.

Is Braceleta waterproof?

Yes. Braceleta is waterproof, making it easy to clean and suitable for use in the shower or bath.

How do I charge Braceleta?

Braceleta includes a magnetic USB charging cable. Simply connect the charger and allow the device to charge fully before use.

How long does the battery last?

Battery life varies depending on the selected vibration mode and intensity. For detailed charging and usage information, please refer to the product manual.

What makes Braceleta different from traditional vibrators?

Unlike traditional vibrators, Braceleta combines wearable fashion with pleasure technology. It offers a discreet, stylish way to keep your favorite toy close without sacrificing aesthetics.","<h3 class=""PDq2pG_selectionAnchorContainer"" data-end=""2257"" data-start=""2226"" data-section-id=""sl7bnn"">A Necklace Nobody Questions<span class=""PDq2pG_selectionAnchor"" aria-hidden=""true""></span>
</h3>
<p data-end=""2493"" data-start=""2259"">Braceleta was designed for those who appreciate beautiful things with a secret. Elegant enough to wear every day and powerful enough when the moment feels right, it blurs the line between jewelry and pleasure in a way only SVAKOM can.</p>
<h2 class=""PDq2pG_selectionAnchorContainer"" data-end=""268"" data-start=""239"" data-section-id=""1r8frcv"">Frequently Asked Questions<span class=""PDq2pG_selectionAnchor"" aria-hidden=""true""></span>
</h2>
<h3 data-end=""299"" data-start=""270"" data-section-id=""19f8n9r"">What is SVAKOM Braceleta?</h3>
<p data-end=""528"" data-start=""301"">SVAKOM Braceleta is a wearable necklace vibrator that combines elegant jewelry-inspired design with personal pleasure technology. It looks like a stylish accessory while offering powerful vibration modes whenever you want them.</p>
<hr data-end=""533"" data-start=""530"">
<h3 data-end=""579"" data-start=""535"" data-section-id=""uvm1kn"">Can I wear Braceleta as a real necklace?</h3>
<p data-end=""760"" data-start=""581"">Yes. Braceleta is designed to be worn as an everyday necklace. Its sleek, jewelry-inspired appearance makes it discreet enough for daily wear while keeping pleasure close at hand.</p>
<hr data-end=""765"" data-start=""762"">
<h3 data-end=""793"" data-start=""767"" data-section-id=""106ssdv"">Is Braceleta discreet?</h3>
<p data-end=""984"" data-start=""795"">Absolutely. Braceleta was created for users who value both style and privacy. The elegant pendant design blends naturally with your accessories and does not resemble a traditional vibrator.</p>
<hr data-end=""989"" data-start=""986"">
<h3 data-end=""1031"" data-start=""991"" data-section-id=""1j9ys4v"">Is Braceleta suitable for beginners?</h3>
<p data-end=""1192"" data-start=""1033"">Yes. With intuitive controls and multiple vibration intensities, Braceleta is beginner-friendly while still offering enough variety for more experienced users.</p>
<hr data-end=""1197"" data-start=""1194"">
<h3 data-end=""1229"" data-start=""1199"" data-section-id=""1l4qhy0"">How powerful is Braceleta?</h3>
<p data-end=""1409"" data-start=""1231"">Braceleta features multiple vibration modes and intensity levels, allowing you to explore everything from gentle stimulation to stronger sensations depending on your preferences.</p>
<hr data-end=""1414"" data-start=""1411"">
<h3 data-end=""1444"" data-start=""1416"" data-section-id=""1yik14p"">Is Braceleta waterproof?</h3>
<p data-end=""1543"" data-start=""1446"">Yes. Braceleta is waterproof, making it easy to clean and suitable for use in the shower or bath.</p>
<hr data-end=""1548"" data-start=""1545"">
<h3 data-end=""1580"" data-start=""1550"" data-section-id=""mbccl6"">How do I charge Braceleta?</h3>
<p data-end=""1707"" data-start=""1582"">Braceleta includes a magnetic USB charging cable. Simply connect the charger and allow the device to charge fully before use.</p>
<hr data-end=""1712"" data-start=""1709"">
<h3 data-end=""1749"" data-start=""1714"" data-section-id=""1s55fk"">How long does the battery last?</h3>
<p data-end=""1907"" data-start=""1751"">Battery life varies depending on the selected vibration mode and intensity. For detailed charging and usage information, please refer to the product manual.</p>
<hr data-end=""1912"" data-start=""1909"">
<h3 data-end=""1976"" data-start=""1914"" data-section-id=""nduaet"">What makes Braceleta different from traditional vibrators?</h3>
<p data-end=""2167"" data-start=""1978"">Unlike traditional vibrators, Braceleta combines wearable fashion with pleasure technology. It offers a discreet, stylish way to keep your favorite toy close without sacrificing aesthetics.</p>",media/necklace-vibrator-braceleta/SA627A_1.jpg|media/necklace-vibrator-braceleta/SA627A_2.gif|media/necklace-vibrator-braceleta/SA627A_3.jpg|media/necklace-vibrator-braceleta/SA627A_4.jpg|media/necklace-vibrator-braceleta/SA627A_5.jpg|media/necklace-vibrator-braceleta/SA627A_6.jpg|media/necklace-vibrator-braceleta/SA627A_7.jpg|media/necklace-vibrator-braceleta/SA627A_8.jpg|media/necklace-vibrator-braceleta/SA627A_9.jpg|media/necklace-vibrator-braceleta/SA627A_10.webp|media/necklace-vibrator-braceleta/SA627A_11.webp,https://cdn.shopify.com/s/files/1/0659/3334/4986/files/braceleta_limited_carousel_1.jpg|https://cdn.shopify.com/s/files/1/0659/3334/4986/files/braceleta_2.gif|https://cdn.shopify.com/s/files/1/0659/3334/4986/files/braceletacarousel2.jpg|https://cdn.shopify.com/s/files/1/0659/3334/4986/files/braceletacarousel3.jpg|https://cdn.shopify.com/s/files/1/0659/3334/4986/files/braceletacarousel4.jpg|https://cdn.shopify.com/s/files/1/0659/3334/4986/files/braceletacarousel5.jpg|https://cdn.shopify.com/s/files/1/0659/3334/4986/files/braceletacarousel6.jpg|https://cdn.shopify.com/s/files/1/0659/3334/4986/files/braceletacarousel7.jpg|https://cdn.shopify.com/s/files/1/0659/3334/4986/files/braceletacarousel8.jpg|https://cdn.shopify.com/s/files/1/0659/3334/4986/files/braceleta_carousel_pic_1.webp|https://cdn.shopify.com/s/files/1/0659/3334/4986/files/braceleta_carousel_pic_2.webp,11,1,SA627A,60.95,60.95,"[{""sku"": ""SA627A"", ""title"": ""Default Title"", ""price"": ""60.95"", ""compare_at_price"": null, ""available"": true, ""weight_grams"": 25}]"
9263030272218,THE CLEAN STUFF,toy-cleaner,https://www.svakom.com/products/toy-cleaner,Care & Cleaners,"Accessories, All Products, Bundle Sale, cleaner, cleanser, new, Newest","Keep your toys clean, fresh, and ready for what’s next.

This lightweight, water-based cleanser is designed to remove residue with ease, using a balanced cleansing system that rinses clean without leaving buildup behind. Smooth, effective, and made for everyday care.

Pure Ingredients. Reliable Care.

Formulated with carefully selected ingredients and developed under strict quality standards, this cleanser is designed to deliver a gentle yet effective clean—supporting the longevity and performance of your favourite products.

Key Ingredients

1️⃣Glycerin

Helps maintain a smooth, balanced feel during use.

2️⃣ Sodium Cocoyl Glutamate

A gentle, coconut-derived cleanser that creates a light, airy lather.

3️⃣ Sodium Lauroyl Sarcosinate

Supports a soft, even foam that spreads easily and rinses clean.

4️⃣ Cocamidopropyl Betaine

Helps stabilise the formula, creating a smooth, consistent lather.

Full Ingredients

Water, Glycerin, Sodium Cocoyl Glutamate, Sodium Lauroyl Sarcosinate, Cocamidopropyl Hydroxysultaine, Sodium Laureth Sulfate, Phenoxyethanol, Hydroxyacetophenone, Fragrance, Citric Acid, PEG-40 Hydrogenated Castor Oil, Sophora Flavescens Extract, Chrysanthellum Indicum Extract.

Why You’ll Love It

1️⃣Effective, Gentle Clean

Removes residue and buildup without damaging surfaces.

2️⃣ Light Foaming Texture

Creates a soft, even lather for easy, controlled cleaning.

3️⃣ Quick Rinse Formula

Washes away easily with no sticky residue.

4️⃣ Made for Intimate Products

Designed for regular care of toys made from body-safe materials.","<p dir=""ltr""><span>Keep your toys clean, fresh, and ready for what’s next.</span></p>
<p dir=""ltr""><span>This lightweight, water-based cleanser is designed to remove residue with ease, using a balanced cleansing system that rinses clean without leaving buildup behind. Smooth, effective, and made for everyday care.</span></p>
<p dir=""ltr""><strong>Pure Ingredients. Reliable Care.</strong><b></b></p>
<p dir=""ltr""><span>Formulated with carefully selected ingredients and developed under strict quality standards, this cleanser is designed to deliver a gentle yet effective clean—supporting the longevity and performance of your favourite products.</span><b></b></p>
<p dir=""ltr""><strong>Key Ingredients</strong><b></b></p>
<p dir=""ltr""><span>1️⃣</span><span>Glycerin</span></p>
<p dir=""ltr""><span>Helps maintain a smooth, balanced feel during use.</span><b></b></p>
<p dir=""ltr""><span>2️⃣ </span><span>Sodium Cocoyl Glutamate</span></p>
<p dir=""ltr""><span>A gentle, coconut-derived cleanser that creates a light, airy lather.</span><b></b></p>
<p dir=""ltr""><span>3️⃣ </span><span>Sodium Lauroyl Sarcosinate</span></p>
<p dir=""ltr""><span>Supports a soft, even foam that spreads easily and rinses clean.</span><b></b></p>
<p dir=""ltr""><span>4️⃣ </span><span>Cocamidopropyl Betaine</span></p>
<p dir=""ltr""><span>Helps stabilise the formula, creating a smooth, consistent lather.</span><b></b></p>
<p dir=""ltr""><strong>Full Ingredients</strong></p>
<p dir=""ltr""><span>Water, Glycerin, Sodium Cocoyl Glutamate, Sodium Lauroyl Sarcosinate, Cocamidopropyl Hydroxysultaine, Sodium Laureth Sulfate, Phenoxyethanol, Hydroxyacetophenone, Fragrance, Citric Acid, PEG-40 Hydrogenated Castor Oil, Sophora Flavescens Extract, Chrysanthellum Indicum Extract.</span></p>
<p dir=""ltr""><strong>Why You’ll Love It</strong><b></b></p>
<p dir=""ltr""><span>1️⃣Effective, Gentle Clean</span></p>
<p dir=""ltr""><span>Removes residue and buildup without damaging surfaces.</span><b></b></p>
<p dir=""ltr""><span>2️⃣ Light Foaming Texture</span></p>
<p dir=""ltr""><span>Creates a soft, even lather for easy, controlled cleaning.</span><b></b></p>
<p dir=""ltr""><span>3️⃣ Quick Rinse Formula</span></p>
<p dir=""ltr""><span>Washes away easily with no sticky residue.</span><b></b></p>
<p dir=""ltr""><span>4️⃣ Made for Intimate Products</span></p>
<p dir=""ltr""><span>Designed for regular care of toys made from body-safe materials.</span></p>",media/toy-cleaner/SY777A_1.webp|media/toy-cleaner/SY777A_2.webp|media/toy-cleaner/SY777A_3.webp|media/toy-cleaner/SY777A_4.webp|media/toy-cleaner/SY777A_5.webp|media/toy-cleaner/SY777A_6.webp|media/toy-cleaner/SY777A_7.webp|media/toy-cleaner/SY777A_8.webp|media/toy-cleaner/SY777A_9.webp|media/toy-cleaner/SY777A_10.webp,https://cdn.shopify.com/s/files/1/0659/3334/4986/files/toy_cleaner_carousel_1.webp|https://cdn.shopify.com/s/files/1/0659/3334/4986/files/svakom_toycleaner.webp|https://cdn.shopify.com/s/files/1/0659/3334/4986/files/toy_cleaner_carousel_2.webp|https://cdn.shopify.com/s/files/1/0659/3334/4986/files/toy_cleaner_carousel_3.webp|https://cdn.shopify.com/s/files/1/0659/3334/4986/files/toy_cleaner_carousel_4.webp|https://cdn.shopify.com/s/files/1/0659/3334/4986/files/toy_cleaner_carousel_5.webp|https://cdn.shopify.com/s/files/1/0659/3334/4986/files/toy_cleaner_carousel_6.webp|https://cdn.shopify.com/s/files/1/0659/3334/4986/files/toy_cleaner_carousel_7.webp|https://cdn.shopify.com/s/files/1/0659/3334/4986/files/toy_cleaner_carousel_8.webp|https://cdn.shopify.com/s/files/1/0659/3334/4986/files/toy_cleaner_carousel_9.webp,10,1,SY777A,14.95,14.95,"[{""sku"": ""SY777A"", ""title"": ""Default Title"", ""price"": ""14.95"", ""compare_at_price"": ""17.95"", ""available"": true, ""weight_grams"": 150}]"
9106998657242,KLITTY,tongue-vibrator-klitty,https://www.svakom.com/products/tongue-vibrator-klitty,Clitoral Vibrators,"All Products, app-controlled sex toys, APP-controlled Toys, Apps Controlled Toys, Beginner, beginner's sex toys, Best Sellers, bluetooth control, bluetooth vibrator, clit sucker, clitoral vibrators, Couples, female sex toys, female toys, Foreplay Toys, foreplay vibrators, interactive sex toys, Interactive Toys, lesbian sex toys, LGBT sex toys, new, Newest, sex toys, Sex Toys for Couples, suction, tongue vibrator, Valentines Day, vibrator, vibrators","Meet The Cat With A Curious Tongue

Not every toy needs to look like a toy.

Klitty was designed for people who want something playful, approachable, and surprisingly powerful. Inspired by the curiosity of a cat, this charming companion combines rhythmic tongue motion, gentle air-based suction, and deep vibration into one compact design.

Use each sensation on its own or layer them together to create an experience that feels uniquely yours. Whether you're exploring for the first time or looking for something beyond traditional vibration, Klitty offers more ways to play, tease, and discover what feels best.

Small enough to fit comfortably in your hand. Clever enough to keep surprising you.

Frequently Asked Questions

What makes Klitty different from traditional vibrators?

Unlike traditional vibrators that rely on vibration alone, Klitty combines rhythmic tongue motion, air-based suction, and deep vibration in a single device. Each function can be enjoyed individually or combined for a more customized experience.

What does Klitty feel like?

Klitty creates a layered sensation by combining gentle licking motion with gradual suction and deep vibration. The result is a more varied experience than standard vibration alone, allowing stimulation to build at your own pace.

Can I use the licking, suction, and vibration separately?

Yes. Klitty allows you to enjoy each sensation independently or combine them together, giving you complete control over how you play.

Is Klitty suitable for beginners?

Absolutely. Klitty's soft silicone contact area, gradual intensity options, and flexible stimulation styles make it approachable for first-time users while still offering plenty of variety for experienced users.

How many modes does Klitty have?

Klitty features 10 licking modes, 3 suction intensities, and multiple vibration settings. When connected to the SVAKOM App, additional customization options become available.

Is Klitty app controlled?

Yes. Klitty connects to the SVAKOM App, allowing you to customize patterns, adjust intensity levels, and explore long-distance control features.

Is Klitty quiet?

Yes. Klitty is designed to operate at a discreet noise level, helping keep the focus on the experience rather than the sound.

Is Klitty waterproof?

Klitty is rated IPX6 water-resistant, making it easy to clean and suitable for use around water. It should not be fully submerged.

What is Klitty made from?

Klitty is made from premium body-safe silicone and high-quality materials that feel soft against the skin while remaining durable and easy to maintain.

How do I charge Klitty?

Klitty includes a magnetic charging cable and reaches a full charge in approximately 2 hours. A full charge provides up to about 1 hour of use, depending on settings.

Why do people love Klitty?

Many users enjoy the combination of tongue motion, suction, and vibration because it provides more variety than a traditional vibrator. The playful cat-inspired design and app-enabled customization make it a favorite for those looking for something a little different.","<h2>Meet The Cat With A Curious Tongue</h2>
<p>Not every toy needs to look like a toy.</p>
<p>Klitty was designed for people who want something playful, approachable, and surprisingly powerful. Inspired by the curiosity of a cat, this charming companion combines rhythmic tongue motion, gentle air-based suction, and deep vibration into one compact design.</p>
<p>Use each sensation on its own or layer them together to create an experience that feels uniquely yours. Whether you're exploring for the first time or looking for something beyond traditional vibration, Klitty offers more ways to play, tease, and discover what feels best.</p>
<p>Small enough to fit comfortably in your hand. Clever enough to keep surprising you.</p>
<hr>
<h2>Frequently Asked Questions</h2>
<h3>What makes Klitty different from traditional vibrators?</h3>
<p>Unlike traditional vibrators that rely on vibration alone, Klitty combines rhythmic tongue motion, air-based suction, and deep vibration in a single device. Each function can be enjoyed individually or combined for a more customized experience.</p>
<hr>
<h3>What does Klitty feel like?</h3>
<p>Klitty creates a layered sensation by combining gentle licking motion with gradual suction and deep vibration. The result is a more varied experience than standard vibration alone, allowing stimulation to build at your own pace.</p>
<hr>
<h3>Can I use the licking, suction, and vibration separately?</h3>
<p>Yes. Klitty allows you to enjoy each sensation independently or combine them together, giving you complete control over how you play.</p>
<hr>
<h3>Is Klitty suitable for beginners?</h3>
<p>Absolutely. Klitty's soft silicone contact area, gradual intensity options, and flexible stimulation styles make it approachable for first-time users while still offering plenty of variety for experienced users.</p>
<hr>
<h3>How many modes does Klitty have?</h3>
<p>Klitty features 10 licking modes, 3 suction intensities, and multiple vibration settings. When connected to the SVAKOM App, additional customization options become available.</p>
<hr>
<h3>Is Klitty app controlled?</h3>
<p>Yes. Klitty connects to the SVAKOM App, allowing you to customize patterns, adjust intensity levels, and explore long-distance control features.</p>
<hr>
<h3>Is Klitty quiet?</h3>
<p>Yes. Klitty is designed to operate at a discreet noise level, helping keep the focus on the experience rather than the sound.</p>
<hr>
<h3>Is Klitty waterproof?</h3>
<p>Klitty is rated IPX6 water-resistant, making it easy to clean and suitable for use around water. It should not be fully submerged.</p>
<hr>
<h3>What is Klitty made from?</h3>
<p>Klitty is made from premium body-safe silicone and high-quality materials that feel soft against the skin while remaining durable and easy to maintain.</p>
<hr>
<h3>How do I charge Klitty?</h3>
<p>Klitty includes a magnetic charging cable and reaches a full charge in approximately 2 hours. A full charge provides up to about 1 hour of use, depending on settings.</p>
<hr>
<h3>Why do people love Klitty?</h3>
<p>Many users enjoy the combination of tongue motion, suction, and vibration because it provides more variety than a traditional vibrator. The playful cat-inspired design and app-enabled customization make it a favorite for those looking for something a little different.</p>",media/tongue-vibrator-klitty/ST462B_1.webp|media/tongue-vibrator-klitty/ST462B_2.webp|media/tongue-vibrator-klitty/ST462B_3.webp|media/tongue-vibrator-klitty/ST462B_4.webp|media/tongue-vibrator-klitty/ST462B_5.webp|media/tongue-vibrator-klitty/ST462B_6.webp|media/tongue-vibrator-klitty/ST462B_7.webp|media/tongue-vibrator-klitty/ST462B_8.webp|media/tongue-vibrator-klitty/ST462B_9.webp|media/tongue-vibrator-klitty/ST462B_10.webp|media/tongue-vibrator-klitty/ST462B_11.webp,https://cdn.shopify.com/s/files/1/0659/3334/4986/files/klitty_confirmed_carousel.webp|https://cdn.shopify.com/s/files/1/0659/3334/4986/files/klitty-1.webp|https://cdn.shopify.com/s/files/1/0659/3334/4986/files/klitty_d1d79446-15c8-49ae-90ef-3a6cfc72ebd4.webp|https://cdn.shopify.com/s/files/1/0659/3334/4986/files/klittycarouselpicture3.webp|https://cdn.shopify.com/s/files/1/0659/3334/4986/files/klitty_carousel_4.webp|https://cdn.shopify.com/s/files/1/0659/3334/4986/files/klittycarouselpicture5.webp|https://cdn.shopify.com/s/files/1/0659/3334/4986/files/klittycarouselpicture6.webp|https://cdn.shopify.com/s/files/1/0659/3334/4986/files/klittycarouselpicture7.webp|https://cdn.shopify.com/s/files/1/0659/3334/4986/files/klittycarouselpicture8.webp|https://cdn.shopify.com/s/files/1/0659/3334/4986/files/klittycarouselpicture9.webp|https://cdn.shopify.com/s/files/1/0659/3334/4986/files/klittycarouselpicture10.webp,11,1,ST462B,78.95,78.95,"[{""sku"": ""ST462B"", ""title"": ""Default Title"", ""price"": ""78.95"", ""compare_at_price"": null, ""available"": true, ""weight_grams"": 280}]"
9150099390682,TRIOOO,triooo,https://www.svakom.com/products/triooo,Cock Rings,"All Products, cock rings, Couples, male, Male Sex Toys, new, Newest, sex toy, sex toys","SVAKOM Triooo – Versatile Cock Ring Set for Enhanced Sensation

SVAKOM Triooo is a non-powered cock ring set designed for comfort, flexibility, and enhanced shared experiences. With multiple rings in different sizes and shapes, it allows you to explore a customized fit and varied sensations.

Made from soft, body-safe silicone, Triooo feels smooth and stretchy for easy wear. The lightweight, non-electric design makes it simple, discreet, and ideal for both beginners and experienced users.

Whether used alone or with a partner, Triooo adds gentle pressure and new dimensions to intimacy—helping you slow down, stay present, and enjoy every moment.

1. What is SVAKOM Triooo?

SVAKOM Triooo is a non-powered cock ring set designed to provide a comfortable fit and enhance sensation during intimate moments.

2. How does a cock ring work?

A cock ring is worn at the base to provide gentle pressure, which can help create a firmer feel and prolong shared experiences.

3. Is Triooo suitable for beginners?

Yes. Triooo is beginner-friendly thanks to its flexible silicone material and multiple size options for a more comfortable fit.

4. What material is Triooo made of?

Triooo is made from body-safe, soft silicone that is smooth, stretchy, and comfortable to wear.

5. How do I choose the right size?

Start with a larger ring for comfort, then try smaller sizes to find the fit that feels secure but not tight.

6. Can Triooo be used with lubricant?

Yes. Water-based lubricant is recommended for easier wear and added comfort.

7. Is Triooo safe to use?

Yes, when used as directed. Avoid wearing for extended periods and remove if any discomfort occurs.

8. How do I clean the cock ring set?

Wash with warm water and mild soap or toy cleaner before and after each use. Let it dry completely before storing.

9. Can cock rings be used during partner play?

Yes. Triooo is designed to enhance shared experiences and can be used comfortably with a partner.

10. How long can I wear a cock ring?

It is generally recommended to wear a cock ring for no more than 20–30 minutes at a time.","<p data-start=""120"" data-end=""186""><strong data-start=""120"" data-end=""186"">SVAKOM Triooo – Versatile Cock Ring Set for Enhanced Sensation</strong></p>
<p data-start=""188"" data-end=""416"">SVAKOM Triooo is a non-powered cock ring set designed for comfort, flexibility, and enhanced shared experiences. With multiple rings in different sizes and shapes, it allows you to explore a customized fit and varied sensations.</p>
<p data-start=""418"" data-end=""617"">Made from soft, body-safe silicone, Triooo feels smooth and stretchy for easy wear. The lightweight, non-electric design makes it simple, discreet, and ideal for both beginners and experienced users.</p>
<p data-start=""619"" data-end=""776"">Whether used alone or with a partner, Triooo adds gentle pressure and new dimensions to intimacy—helping you slow down, stay present, and enjoy every moment.</p>
<h3 data-section-id=""1yvdvqz"" data-start=""802"" data-end=""831"">1. What is SVAKOM Triooo?</h3>
<p data-start=""832"" data-end=""961"">SVAKOM Triooo is a non-powered cock ring set designed to provide a comfortable fit and enhance sensation during intimate moments.</p>
<hr data-start=""963"" data-end=""966"">
<h3 data-section-id=""ok5l7i"" data-start=""968"" data-end=""1001"">2. How does a cock ring work?</h3>
<p data-start=""1002"" data-end=""1129"">A cock ring is worn at the base to provide gentle pressure, which can help create a firmer feel and prolong shared experiences.</p>
<hr data-start=""1131"" data-end=""1134"">
<h3 data-section-id=""hkugft"" data-start=""1136"" data-end=""1176"">3. Is Triooo suitable for beginners?</h3>
<p data-start=""1177"" data-end=""1304"">Yes. Triooo is beginner-friendly thanks to its flexible silicone material and multiple size options for a more comfortable fit.</p>
<hr data-start=""1306"" data-end=""1309"">
<h3 data-section-id=""1f8mkf0"" data-start=""1311"" data-end=""1350"">4. What material is Triooo made of?</h3>
<p data-start=""1351"" data-end=""1446"">Triooo is made from body-safe, soft silicone that is smooth, stretchy, and comfortable to wear.</p>
<hr data-start=""1448"" data-end=""1451"">
<h3 data-section-id=""1pejklt"" data-start=""1453"" data-end=""1491"">5. How do I choose the right size?</h3>
<p data-start=""1492"" data-end=""1601"">Start with a larger ring for comfort, then try smaller sizes to find the fit that feels secure but not tight.</p>
<hr data-start=""1603"" data-end=""1606"">
<h3 data-section-id=""dhi1nb"" data-start=""1608"" data-end=""1649"">6. Can Triooo be used with lubricant?</h3>
<p data-start=""1650"" data-end=""1726"">Yes. Water-based lubricant is recommended for easier wear and added comfort.</p>
<hr data-start=""1728"" data-end=""1731"">
<h3 data-section-id=""3get77"" data-start=""1733"" data-end=""1762"">7. Is Triooo safe to use?</h3>
<p data-start=""1763"" data-end=""1862"">Yes, when used as directed. Avoid wearing for extended periods and remove if any discomfort occurs.</p>
<hr data-start=""1864"" data-end=""1867"">
<h3 data-section-id=""d45911"" data-start=""1869"" data-end=""1909"">8. How do I clean the cock ring set?</h3>
<p data-start=""1910"" data-end=""2024"">Wash with warm water and mild soap or toy cleaner before and after each use. Let it dry completely before storing.</p>
<hr data-start=""2026"" data-end=""2029"">
<h3 data-section-id=""blazny"" data-start=""2031"" data-end=""2081"">9. Can cock rings be used during partner play?</h3>
<p data-start=""2082"" data-end=""2179"">Yes. Triooo is designed to enhance shared experiences and can be used comfortably with a partner.</p>
<hr data-start=""2181"" data-end=""2184"">
<h3 data-section-id=""pmbw8v"" data-start=""2186"" data-end=""2226"">10. How long can I wear a cock ring?</h3>
<p data-start=""2227"" data-end=""2316"">It is generally recommended to wear a cock ring for no more than 20–30 minutes at a time.</p>",media/triooo/SJ779A_1.webp|media/triooo/SJ779A_2.webp|media/triooo/SJ779A_3.webp|media/triooo/SJ779A_4.webp|media/triooo/SJ779A_5.webp|media/triooo/SJ779A_6.webp|media/triooo/SJ779A_7.webp|media/triooo/SJ779A_8.webp|media/triooo/SJ779A_9.webp|media/triooo/SJ779A_10.webp|media/triooo/SJ779A_11.webp|media/triooo/SJ779A_12.webp,https://cdn.shopify.com/s/files/1/0659/3334/4986/files/triooocarosel1.webp|https://cdn.shopify.com/s/files/1/0659/3334/4986/files/triooocarosel2.webp|https://cdn.shopify.com/s/files/1/0659/3334/4986/files/triooocarosel3.webp|https://cdn.shopify.com/s/files/1/0659/3334/4986/files/triooocarosel4.webp|https://cdn.shopify.com/s/files/1/0659/3334/4986/files/triooocarosel5.webp|https://cdn.shopify.com/s/files/1/0659/3334/4986/files/triooocarosel6.webp|https://cdn.shopify.com/s/files/1/0659/3334/4986/files/triooocarosel7.webp|https://cdn.shopify.com/s/files/1/0659/3334/4986/files/triooocarosel8.webp|https://cdn.shopify.com/s/files/1/0659/3334/4986/files/triooocarosel9.webp|https://cdn.shopify.com/s/files/1/0659/3334/4986/files/triooocarosel10.webp|https://cdn.shopify.com/s/files/1/0659/3334/4986/files/triooocarosel11.webp|https://cdn.shopify.com/s/files/1/0659/3334/4986/files/triooocarosel12.webp,12,1,SJ779A,26.95,26.95,"[{""sku"": ""SJ779A"", ""title"": ""Default Title"", ""price"": ""26.95"", ""compare_at_price"": null, ""available"": true, ""weight_grams"": 35}]"
9106993938650,PLUME,plume,https://www.svakom.com/products/plume,Clitoral Vibrators,"All Products, app-controlled sex toys, APP-controlled Toys, Apps Controlled Toys, Beginner, beginner's sex toys, bullet, clitoral vibrators, Couples, egg vibrators, female sex toys, female toys, Foreplay Toys, foreplay vibrators, g-spot, g-spot vibrators, lesbian sex toys, LGBT sex toys, new, Newest, sex toy, sex toys, Sex Toys for Couples, vibrator, vibrators, wearable vibrator","Soft Motion, Gentle Discovery

Plume was designed for those who prefer feather-light, teasing stimulation rather than intense pressure. Its soft-touch design and flexible movement create a slow, sensual rhythm that feels natural and effortless. Minimal yet expressive, Plume is about exploring sensation in its most delicate form.

What is SVAKOM Plume and how does it work?

SVAKOM Plume is a compact clitoral vibrator that uses air pulse technology to deliver gentle, rhythmic stimulation. Instead of direct vibration, it creates a soft suction effect for a more focused and comfortable experience.

Is SVAKOM Plume a suction or air pulse vibrator?

Yes, SVAKOM Plume is an air pulse (suction-style) vibrator. It uses pressure waves instead of traditional vibration, offering a different type of stimulation that many users find more precise and less overwhelming.

Is SVAKOM Plume good for beginners?

Yes, SVAKOM Plume is beginner-friendly. Its gentle air pulse modes and easy controls make it ideal for first-time users who want a softer, more approachable experience without intense vibration.

How strong is SVAKOM Plume compared to other clitoral vibrators?

SVAKOM Plume offers adjustable intensity levels, ranging from soft pulses to stronger stimulation. It is designed to provide control and flexibility, making it suitable for both beginners and more experienced users.

Is SVAKOM Plume quiet and discreet?

Yes, SVAKOM Plume is designed with a low-noise motor. Its quiet operation and compact size make it ideal for discreet use at home or while traveling.

Is SVAKOM Plume waterproof?

Yes, SVAKOM Plume is waterproof, allowing for easy cleaning and safe use in the shower or bath. Simply rinse with warm water and use a mild cleaner if needed.

How do you use SVAKOM Plume for the best experience?

Start with the lowest intensity and position the nozzle comfortably. Adjust settings gradually and use a small amount of water-based lubricant if needed to improve seal and comfort.

What makes SVAKOM Plume different from traditional vibrators?

Unlike standard vibrators, SVAKOM Plume uses air pulse stimulation instead of direct contact vibration. This creates a more targeted, less numbing sensation that many users describe as more natural and comfortable.

Is SVAKOM Plume easy to clean?

Yes, SVAKOM Plume is made with smooth, body-safe materials and a waterproof design. This makes cleaning quick and simple after each use, helping maintain hygiene and product longevity.","<h2 data-section-id=""kdl8rm"" data-start=""2812"" data-end=""2844"" class=""PDq2pG_selectionAnchorContainer"">Soft Motion, Gentle Discovery<span aria-hidden=""true"" class=""PDq2pG_selectionAnchor""></span>
</h2>
<p data-start=""2846"" data-end=""3145"">Plume was designed for those who prefer feather-light, teasing stimulation rather than intense pressure. Its soft-touch design and flexible movement create a slow, sensual rhythm that feels natural and effortless. Minimal yet expressive, Plume is about exploring sensation in its most delicate form.</p>
<h3 data-section-id=""1b76o5b"" data-start=""254"" data-end=""306""><strong data-start=""258"" data-end=""304"">What is SVAKOM Plume and how does it work?</strong></h3>
<p data-start=""307"" data-end=""531"">SVAKOM Plume is a compact clitoral vibrator that uses air pulse technology to deliver gentle, rhythmic stimulation. Instead of direct vibration, it creates a soft suction effect for a more focused and comfortable experience.</p>
<hr data-start=""533"" data-end=""536"">
<h3 data-section-id=""h1puko"" data-start=""538"" data-end=""596""><strong data-start=""542"" data-end=""594"">Is SVAKOM Plume a suction or air pulse vibrator?</strong></h3>
<p data-start=""597"" data-end=""811"">Yes, SVAKOM Plume is an air pulse (suction-style) vibrator. It uses pressure waves instead of traditional vibration, offering a different type of stimulation that many users find more precise and less overwhelming.</p>
<hr data-start=""813"" data-end=""816"">
<h3 data-section-id=""1t2pgd6"" data-start=""818"" data-end=""863""><strong data-start=""822"" data-end=""861"">Is SVAKOM Plume good for beginners?</strong></h3>
<p data-start=""864"" data-end=""1058"">Yes, SVAKOM Plume is beginner-friendly. Its gentle air pulse modes and easy controls make it ideal for first-time users who want a softer, more approachable experience without intense vibration.</p>
<hr data-start=""1060"" data-end=""1063"">
<h3 data-section-id=""10pum2u"" data-start=""1065"" data-end=""1139""><strong data-start=""1069"" data-end=""1137"">How strong is SVAKOM Plume compared to other clitoral vibrators?</strong></h3>
<p data-start=""1140"" data-end=""1355"">SVAKOM Plume offers adjustable intensity levels, ranging from soft pulses to stronger stimulation. It is designed to provide control and flexibility, making it suitable for both beginners and more experienced users.</p>
<hr data-start=""1357"" data-end=""1360"">
<h3 data-section-id=""k4pmg3"" data-start=""1362"" data-end=""1407""><strong data-start=""1366"" data-end=""1405"">Is SVAKOM Plume quiet and discreet?</strong></h3>
<p data-start=""1408"" data-end=""1557"">Yes, SVAKOM Plume is designed with a low-noise motor. Its quiet operation and compact size make it ideal for discreet use at home or while traveling.</p>
<hr data-start=""1559"" data-end=""1562"">
<h3 data-section-id=""1ku3hoe"" data-start=""1564"" data-end=""1601""><strong data-start=""1568"" data-end=""1599"">Is SVAKOM Plume waterproof?</strong></h3>
<p data-start=""1602"" data-end=""1760"">Yes, SVAKOM Plume is waterproof, allowing for easy cleaning and safe use in the shower or bath. Simply rinse with warm water and use a mild cleaner if needed.</p>
<hr data-start=""1762"" data-end=""1765"">
<h3 data-section-id=""1enrg7m"" data-start=""1767"" data-end=""1829""><strong data-start=""1771"" data-end=""1827"">How do you use SVAKOM Plume for the best experience?</strong></h3>
<p data-start=""1830"" data-end=""2011"">Start with the lowest intensity and position the nozzle comfortably. Adjust settings gradually and use a small amount of water-based lubricant if needed to improve seal and comfort.</p>
<hr data-start=""2013"" data-end=""2016"">
<h3 data-section-id=""1tg26vm"" data-start=""2018"" data-end=""2089""><strong data-start=""2022"" data-end=""2087"">What makes SVAKOM Plume different from traditional vibrators?</strong></h3>
<p data-start=""2090"" data-end=""2304"">Unlike standard vibrators, SVAKOM Plume uses air pulse stimulation instead of direct contact vibration. This creates a more targeted, less numbing sensation that many users describe as more natural and comfortable.</p>
<hr data-start=""2306"" data-end=""2309"">
<h3 data-section-id=""1266n3"" data-start=""2311"" data-end=""2351""><strong data-start=""2315"" data-end=""2349"">Is SVAKOM Plume easy to clean?</strong></h3>
<p data-start=""2352"" data-end=""2536"">Yes, SVAKOM Plume is made with smooth, body-safe materials and a waterproof design. This makes cleaning quick and simple after each use, helping maintain hygiene and product longevity.</p>",media/plume/ST419H_1.webp|media/plume/ST419H_2.gif|media/plume/ST419H_3.webp|media/plume/ST419H_4.webp|media/plume/ST419H_5.webp|media/plume/ST419H_6.webp|media/plume/ST419H_7.webp|media/plume/ST419H_8.webp|media/plume/ST419H_9.webp|media/plume/ST419H_10.webp|media/plume/ST419H_11.webp|media/plume/ST419H_12.webp|media/plume/ST419H_13.webp|media/plume/ST419H_14.webp|media/plume/ST419H_15.webp,https://cdn.shopify.com/s/files/1/0659/3334/4986/files/plumecarosel1.webp|https://cdn.shopify.com/s/files/1/0659/3334/4986/files/Plume-GIF_1.gif|https://cdn.shopify.com/s/files/1/0659/3334/4986/files/plumecarosel2.webp|https://cdn.shopify.com/s/files/1/0659/3334/4986/files/plumecarosel3.webp|https://cdn.shopify.com/s/files/1/0659/3334/4986/files/plumecarosel4.webp|https://cdn.shopify.com/s/files/1/0659/3334/4986/files/plumecarosel5.webp|https://cdn.shopify.com/s/files/1/0659/3334/4986/files/plumecarosel6.webp|https://cdn.shopify.com/s/files/1/0659/3334/4986/files/plumecarosel7.webp|https://cdn.shopify.com/s/files/1/0659/3334/4986/files/plumecarosel8.webp|https://cdn.shopify.com/s/files/1/0659/3334/4986/files/plumecarosel9.webp|https://cdn.shopify.com/s/files/1/0659/3334/4986/files/plumecarosel11.webp|https://cdn.shopify.com/s/files/1/0659/3334/4986/files/plumecarosel12.webp|https://cdn.shopify.com/s/files/1/0659/3334/4986/files/plumecarosel13.webp|https://cdn.shopify.com/s/files/1/0659/3334/4986/files/plumecarosel14.webp|https://cdn.shopify.com/s/files/1/0659/3334/4986/files/plumecarosel15.webp,15,1,ST419H,95.95,95.95,"[{""sku"": ""ST419H"", ""title"": ""Default Title"", ""price"": ""95.95"", ""compare_at_price"": null, ""available"": true, ""weight_grams"": 52}]"
9197232881882,SLEEVE - KAOTIK LABS THE JETPACK,sleeve-the-jetpack,https://www.svakom.com/products/sleeve-the-jetpack,Accessories,"Accessories, All Products, Bundle Sale, sleeve",,,media/sleeve-the-jetpack/HF47OB_1.webp|media/sleeve-the-jetpack/HF47OB_2.webp|media/sleeve-the-jetpack/HF47OB_3.webp|media/sleeve-the-jetpack/HF47OB_4.png,https://cdn.shopify.com/s/files/1/0659/3334/4986/files/jetpack-sleeve-4.webp|https://cdn.shopify.com/s/files/1/0659/3334/4986/files/jetpack-sleeve-2.webp|https://cdn.shopify.com/s/files/1/0659/3334/4986/files/jetpack-sleeve-1.webp|https://cdn.shopify.com/s/files/1/0659/3334/4986/files/The-Jetpack-6.png,4,1,HF47OB,26.95,26.95,"[{""sku"": ""HF47OB"", ""title"": ""Default Title"", ""price"": ""26.95"", ""compare_at_price"": ""30.95"", ""available"": true, ""weight_grams"": 235}]"
9197231341786,SLEEVE - KAOTIK LABS THE SHOTTY,sleeve-the-shotty,https://www.svakom.com/products/sleeve-the-shotty,Accessories,"Accessories, All Products, Bundle Sale, male, Male Sex Toys, sleeve","FEELS REAL. HITS HARD.

Engineered with ultra-soft TPE, this replacement sleeve for Kaotik Shotty delivers a lifelike feel with enhanced flexibility, tight grip, and richly textured internal design.

Built for a realistic stroking experience, it combines softness and stretch to mimic natural sensations while maintaining durability and performance.

Easy to insert and secure, this male masturbator sleeve keeps your Shotty running at peak intensity—whether you're replacing a worn core or upgrading to a fresh, like-new feel.","<p data-start=""142"" data-end=""168""><strong data-start=""142"" data-end=""168"">FEELS REAL. HITS HARD.</strong></p>
<p data-start=""170"" data-end=""344"">Engineered with ultra-soft TPE, this replacement sleeve for Kaotik Shotty delivers a lifelike feel with enhanced flexibility, tight grip, and richly textured internal design.</p>
<p data-start=""346"" data-end=""495"">Built for a realistic stroking experience, it combines softness and stretch to mimic natural sensations while maintaining durability and performance.</p>
<p data-start=""497"" data-end=""673"" data-is-last-node="""" data-is-only-node="""">Easy to insert and secure, this male masturbator sleeve keeps your Shotty running at peak intensity—whether you're replacing a worn core or upgrading to a fresh, like-new feel.</p>",media/sleeve-the-shotty/SD566A_1.webp|media/sleeve-the-shotty/SD566A_2.webp|media/sleeve-the-shotty/SD566A_3.webp|media/sleeve-the-shotty/SD566A_4.webp|media/sleeve-the-shotty/SD566A_5.webp|media/sleeve-the-shotty/SD566A_6.webp|media/sleeve-the-shotty/SD566A_7.webp,https://cdn.shopify.com/s/files/1/0659/3334/4986/files/shotty-sleeve-1.webp|https://cdn.shopify.com/s/files/1/0659/3334/4986/files/shotty_sleeve.webp|https://cdn.shopify.com/s/files/1/0659/3334/4986/files/shotty-sleeve-2.webp|https://cdn.shopify.com/s/files/1/0659/3334/4986/files/shotty_sleeve_moving.webp|https://cdn.shopify.com/s/files/1/0659/3334/4986/files/The-Shotty-8.webp|https://cdn.shopify.com/s/files/1/0659/3334/4986/files/shotty-sleeve-4.webp|https://cdn.shopify.com/s/files/1/0659/3334/4986/files/The-Shotty-6.webp,7,1,SD566A,26.95,26.95,"[{""sku"": ""SD566A"", ""title"": ""Default Title"", ""price"": ""26.95"", ""compare_at_price"": ""30.95"", ""available"": true, ""weight_grams"": 235}]"
9186259206362,KAOTIK LABS THE SHOTTY,kaotiklabs-shotty,https://www.svakom.com/products/kaotiklabs-shotty,Couples & Interactive,"All Products, app-controlled sex toys, APP-controlled Toys, Apps Controlled Toys, interactive sex toys, Interactive Toys, male, Male Sex Toys, masturbators, new, Newest, sex toy, sex toys, video interactive sex toys","PUMP-ACTION PLEASURE

Even we’re surprised at how much functionality we squeezed into the SHOTTY. It’s probably the most versatile, go-anywhere, do-anything piece of male sextech in the world right now.

The chamber twists and thrusts at fully-adjustable intensities, putting accurate orgasm control firmly in the palm of your hand. A soft vibrating pad in the base doubles the sensation, making the SHOTTY the edging machine you’ve been looking for.

Then, you can sync the SHOTTY with your favorite... ahem... adult content, virtually letting you 'feel' the action you're watching.

Then there’s the simple quality-of-life stuff, like an LED mode-and-battery display and a USB-C charging port, and Bluetooth app integration. It might not look it, but this thing’s going to take over your life.

So grab the SHOTTY and roll out.

FUNCTION
Spinning, thrusting, and vibrating

COLOR
Black

CONNECTIVITY
Video sync via KooSync app

HANDLING
Silicone hand-strap, usable from both ends

MATERIAL TYPE
Fleshlike thermoplastic polymer

CHARGING TIME
4 hours

BATTERY LIFE
1 hour

BATTERY CAPACITY
1200mAh

SIZE
219 x 128 x 94mm

WEIGHT
830g

WATERPROOF LEVEL
Non-waterproof

SOUND LEVEL
≤60dB

MODES
5 (Spinning & Thrusting);
10 (Vibrating); 1 (Edging Setting)

INTENSITY LEVELS

5 (Spinning & Thrusting);
1 (Vibrating); 1 (Edging Setting)","<div style=""display: flex; gap: 30px; flex-wrap: wrap;"" class=""product-info-container"">
<!-- 左栏：文案 -->
<div style=""flex: 1; min-width: 300px;"" class=""product-info-left"">
<h2 class=""MsoNormal""><span lang=""EN-US"">PUMP-ACTION PLEASURE</span></h2>
<p class=""MsoNormal""><span lang=""EN-US"">Even we’re surprised at how much functionality we squeezed into the SHOTTY. It’s probably the most versatile, go-anywhere, do-anything piece of male sextech in the world right now.</span></p>
<p class=""MsoNormal""><span lang=""EN-US"">The chamber twists and thrusts at fully-adjustable intensities, putting accurate orgasm control firmly in the palm of your hand. A soft vibrating pad in the base doubles the sensation, making the SHOTTY the edging machine you’ve been looking for.</span></p>
<p class=""MsoNormal""><strong><span lang=""EN-US"">Then, you can sync the SHOTTY with your favorite... <em>ahem</em>... adult content, virtually letting you 'feel' the action you're watching. </span></strong></p>
<p class=""MsoNormal""><span lang=""EN-US"">Then there’s the simple quality-of-life stuff, like an LED mode-and-battery display and a USB-C charging port, and Bluetooth app integration. It might not look it, but this thing’s going to take over your life. </span></p>
<p class=""MsoNormal""><strong><span lang=""EN-US"">So grab the SHOTTY and roll out.</span></strong></p>
</div>
<!-- 右栏：规格表格 -->
<div style=""flex: 1; min-width: 300px;"" class=""product-info-right"">
<table style=""width: 100%; border-collapse: collapse; height: 329.375px;"">
<tbody>
<tr style=""height: 19.5833px;"">
<td style=""width: 29.3785%; height: 19.5833px;""><strong>FUNCTION</strong></td>
<td style=""width: 70.578%; height: 19.5833px;"">Spinning, thrusting, and vibrating</td>
</tr>
<tr style=""height: 19.5833px;"">
<td style=""width: 29.3785%; height: 19.5833px;""><strong>COLOR</strong></td>
<td style=""width: 70.578%; height: 19.5833px;"">Black</td>
</tr>
<tr style=""height: 19.5833px;"">
<td style=""width: 29.3785%; height: 19.5833px;""><strong>CONNECTIVITY</strong></td>
<td style=""width: 70.578%; height: 19.5833px;"">Video sync via KooSync app</td>
</tr>
<tr style=""height: 19.5833px;"">
<td style=""width: 29.3785%; height: 19.5833px;""><strong>HANDLING</strong></td>
<td style=""width: 70.578%; height: 19.5833px;"">Silicone hand-strap, usable from both ends</td>
</tr>
<tr style=""height: 19.5833px;"">
<td style=""width: 29.3785%; height: 19.5833px;""><strong>MATERIAL TYPE</strong></td>
<td style=""width: 70.578%; height: 19.5833px;"">Fleshlike thermoplastic polymer</td>
</tr>
<tr style=""height: 19.5833px;"">
<td style=""width: 29.3785%; height: 19.5833px;""><strong>CHARGING TIME</strong></td>
<td style=""width: 70.578%; height: 19.5833px;"">4 hours</td>
</tr>
<tr style=""height: 19.5833px;"">
<td style=""width: 29.3785%; height: 19.5833px;""><strong>BATTERY LIFE</strong></td>
<td style=""width: 70.578%; height: 19.5833px;"">1 hour</td>
</tr>
<tr style=""height: 19.5833px;"">
<td style=""width: 29.3785%; height: 19.5833px;""><strong>BATTERY CAPACITY</strong></td>
<td style=""width: 70.578%; height: 19.5833px;"">1200mAh</td>
</tr>
<tr style=""height: 19.5833px;"">
<td style=""width: 29.3785%; height: 19.5833px;""><strong>SIZE</strong></td>
<td style=""width: 70.578%; height: 19.5833px;"">219 x 128 x 94mm</td>
</tr>
<tr style=""height: 19.5833px;"">
<td style=""width: 29.3785%; height: 19.5833px;""><strong>WEIGHT</strong></td>
<td style=""width: 70.578%; height: 19.5833px;"">830g</td>
</tr>
<tr style=""height: 19.5833px;"">
<td style=""width: 29.3785%; height: 19.5833px;""><strong>WATERPROOF LEVEL</strong></td>
<td style=""width: 70.578%; height: 19.5833px;"">Non-waterproof</td>
</tr>
<tr style=""height: 19.5833px;"">
<td style=""width: 29.3785%; height: 19.5833px;""><strong>SOUND LEVEL</strong></td>
<td style=""width: 70.578%; height: 19.5833px;"">≤60dB</td>
</tr>
<tr style=""height: 39.1875px;"">
<td style=""width: 29.3785%; height: 39.1875px;""><strong>MODES</strong></td>
<td style=""width: 70.578%; height: 39.1875px;"">5 (Spinning &amp; Thrusting);<br>10 (Vibrating); 1 (Edging Setting)</td>
</tr>
<tr style=""height: 55.1875px;"">
<td style=""width: 29.3785%; height: 55.1875px;""><strong>INTENSITY LEVELS</strong></td>
<td style=""width: 70.578%; height: 55.1875px;"">
<p class=""p1"">5 (Spinning &amp; Thrusting);<br>1 (Vibrating); 1 (Edging Setting)</p>
</td>
</tr>
</tbody>
</table>
<p> </p>
</div>
</div>",media/kaotiklabs-shotty/SF566A_1.webp|media/kaotiklabs-shotty/SF566A_2.webp|media/kaotiklabs-shotty/SF566A_3.webp|media/kaotiklabs-shotty/SF566A_4.webp|media/kaotiklabs-shotty/SF566A_5.webp|media/kaotiklabs-shotty/SF566A_6.webp|media/kaotiklabs-shotty/SF566A_7.webp|media/kaotiklabs-shotty/SF566A_8.webp|media/kaotiklabs-shotty/SF566A_9.webp|media/kaotiklabs-shotty/SF566A_10.webp|media/kaotiklabs-shotty/SF566A_11.webp|media/kaotiklabs-shotty/SF566A_12.webp|media/kaotiklabs-shotty/SF566A_13.webp,https://cdn.shopify.com/s/files/1/0659/3334/4986/files/1_f4b86f7c-13c7-4155-8222-000bf873ad46.webp|https://cdn.shopify.com/s/files/1/0659/3334/4986/files/shotty_thrusting_2_d1536d2b-58c2-4b10-b44f-94d9b948ea85.webp|https://cdn.shopify.com/s/files/1/0659/3334/4986/files/2_b0d8e81d-b0ca-4033-8bc3-f2e68720a4ac.webp|https://cdn.shopify.com/s/files/1/0659/3334/4986/files/3_89bd749a-52db-4cb7-95aa-1ff2a8fb9dc6.webp|https://cdn.shopify.com/s/files/1/0659/3334/4986/files/4_f8c590d0-af74-4388-9e1e-9966117c1a4c.webp|https://cdn.shopify.com/s/files/1/0659/3334/4986/files/5_10dd6d38-a7fa-48fc-9aac-2681b2eb34d0.webp|https://cdn.shopify.com/s/files/1/0659/3334/4986/files/6_45c63d8e-6c6c-4c4d-8074-0dd8a8e425c4.webp|https://cdn.shopify.com/s/files/1/0659/3334/4986/files/7_ac551c68-5f2b-4bb0-b657-32c8e08d1298.webp|https://cdn.shopify.com/s/files/1/0659/3334/4986/files/8_ab2c4670-7840-4410-b605-45b68ce82b14.webp|https://cdn.shopify.com/s/files/1/0659/3334/4986/files/9_3a440677-5c04-4da6-b6bc-29d3348ee7ad.webp|https://cdn.shopify.com/s/files/1/0659/3334/4986/files/10_6b023515-de96-4e35-ab1c-b833a36952ad.webp|https://cdn.shopify.com/s/files/1/0659/3334/4986/files/11.webp|https://cdn.shopify.com/s/files/1/0659/3334/4986/files/12.webp,13,1,SF566A,122.95,122.95,"[{""sku"": ""SF566A"", ""title"": ""Default Title"", ""price"": ""122.95"", ""compare_at_price"": ""148.95"", ""available"": true, ""weight_grams"": 1361}]"
9186246394074,KAOTIK LABS THE JETPACK,kaotiklabs-jetpack,https://www.svakom.com/products/kaotiklabs-jetpack,Couples & Interactive,"All Products, app-controlled sex toys, app-controlled sex toys video, APP-controlled Toys, Apps Controlled Toys, interactive sex toys, Interactive Toys, male, Male Sex Toys, masturbators, new, Newest, sex toy, sex toys, video interactive sex toys","The JETPACK is Kaotik’s flagship auto-stroking masturbator, redefining modern male sextech. Precision thrusting technology and adjustable intensities deliver smooth, controlled motion designed for deeply immersive pleasure.

Its customizable motion programs allow users to create dynamic thrusting patterns—from shallow teasing strokes to deeper, more powerful rhythms—unlocking complex sensations that keep every experience irresistibly engaging.

With advanced app connectivity, JETPACK enables partner control from anywhere in the world and syncs seamlessly with video content, transforming every movement into a synchronized sensory experience.

The next evolution of interactive male pleasure has arrived.

FUNCTION
Hands-free thrusting

COLOR

Black

CONNECTIVITY
Video sync via KooSync app

HANDLING
Dual hand grips

MATERIAL TYPE

Fleshlike thermoplastic polymer, ABS

CHARGING TIME
4 hours

BATTERY LIFE
2 hours

BATTERY CAPACITY
2000mAh

SIZE
210 x 144 x 238mm

WEIGHT
1300g

WATERPROOF LEVEL
Waterproof sleeve; Non-waterproof case

SOUND LEVEL
≤65dB

MODES
5

INTENSITY LEVELS
5","<p data-end=""293"" data-start=""70"">The JETPACK is Kaotik’s flagship auto-stroking masturbator, redefining modern male sextech. Precision thrusting technology and adjustable intensities deliver smooth, controlled motion designed for deeply immersive pleasure.</p>
<p data-end=""517"" data-start=""295"">Its customizable motion programs allow users to create dynamic thrusting patterns—from shallow teasing strokes to deeper, more powerful rhythms—unlocking complex sensations that keep every experience irresistibly engaging.</p>
<p data-end=""718"" data-start=""519"">With advanced app connectivity, JETPACK enables partner control from anywhere in the world and syncs seamlessly with video content, transforming every movement into a synchronized sensory experience.</p>
<p data-is-only-node="""" data-is-last-node="""" data-end=""780"" data-start=""720"">The next evolution of interactive male pleasure has arrived.<span style=""mso-ansi-language: EN-US;"" lang=""EN-US""></span></p>
<table width=""100%"" style=""width: 100%; height: 274.313px;"">
<tbody>
<tr style=""height: 19.5938px;"">
<td style=""width: 33.7434%; height: 19.5938px;""><strong>FUNCTION</strong></td>
<td style=""width: 65.9051%; height: 19.5938px;"">Hands-free thrusting</td>
</tr>
<tr style=""height: 19.5938px;"">
<td style=""width: 33.7434%; height: 19.5938px;""><strong>COLOR</strong></td>
<td style=""width: 65.9051%; height: 19.5938px;"">
<meta charset=""utf-8"">Black</td>
</tr>
<tr style=""height: 19.5938px;"">
<td style=""width: 33.7434%; height: 19.5938px;""><strong>CONNECTIVITY</strong></td>
<td style=""width: 65.9051%; height: 19.5938px;"">Video sync via KooSync app</td>
</tr>
<tr style=""height: 19.5938px;"">
<td style=""width: 33.7434%; height: 19.5938px;""><strong>HANDLING</strong></td>
<td style=""width: 65.9051%; height: 19.5938px;"">Dual hand grips</td>
</tr>
<tr style=""height: 19.5938px;"">
<td style=""width: 33.7434%; height: 19.5938px;""><strong>MATERIAL TYPE</strong></td>
<td style=""width: 65.9051%; height: 19.5938px;"">
<meta charset=""utf-8"">Fleshlike thermoplastic polymer, ABS</td>
</tr>
<tr style=""height: 19.5938px;"">
<td style=""width: 33.7434%; height: 19.5938px;""><strong>CHARGING TIME</strong></td>
<td style=""width: 65.9051%; height: 19.5938px;"">4 hours</td>
</tr>
<tr style=""height: 19.5938px;"">
<td style=""width: 33.7434%; height: 19.5938px;""><strong>BATTERY LIFE</strong></td>
<td style=""width: 65.9051%; height: 19.5938px;"">2 hours</td>
</tr>
<tr style=""height: 19.5938px;"">
<td style=""width: 33.7434%; height: 19.5938px;""><strong>BATTERY CAPACITY</strong></td>
<td style=""width: 65.9051%; height: 19.5938px;"">2000mAh</td>
</tr>
<tr style=""height: 19.5938px;"">
<td style=""width: 33.7434%; height: 19.5938px;""><strong>SIZE </strong></td>
<td style=""width: 65.9051%; height: 19.5938px;"">210 x 144 x 238mm</td>
</tr>
<tr style=""height: 19.5938px;"">
<td style=""width: 33.7434%; height: 19.5938px;""><strong>WEIGHT</strong></td>
<td style=""width: 65.9051%; height: 19.5938px;"">1300g</td>
</tr>
<tr style=""height: 19.5938px;"">
<td style=""width: 33.7434%; height: 19.5938px;""><strong>WATERPROOF LEVEL</strong></td>
<td style=""width: 65.9051%; height: 19.5938px;"">Waterproof sleeve; Non-waterproof case</td>
</tr>
<tr style=""height: 19.5938px;"">
<td style=""width: 33.7434%; height: 19.5938px;""><strong>SOUND LEVEL</strong></td>
<td style=""width: 65.9051%; height: 19.5938px;"">≤65dB</td>
</tr>
<tr style=""height: 19.5938px;"">
<td style=""width: 33.7434%; height: 19.5938px;""><strong>MODES</strong></td>
<td style=""width: 65.9051%; height: 19.5938px;"">5</td>
</tr>
<tr style=""height: 19.5938px;"">
<td style=""width: 33.7434%; height: 19.5938px;""><strong>INTENSITY LEVELS</strong></td>
<td style=""width: 65.9051%; height: 19.5938px;"">5</td>
</tr>
</tbody>
</table>
<p> </p>",media/kaotiklabs-jetpack/HF470A_1.webp|media/kaotiklabs-jetpack/HF470A_2.webp|media/kaotiklabs-jetpack/HF470A_3.webp|media/kaotiklabs-jetpack/HF470A_4.webp|media/kaotiklabs-jetpack/HF470A_5.webp|media/kaotiklabs-jetpack/HF470A_6.webp|media/kaotiklabs-jetpack/HF470A_7.webp|media/kaotiklabs-jetpack/HF470A_8.webp|media/kaotiklabs-jetpack/HF470A_9.webp|media/kaotiklabs-jetpack/HF470A_10.webp|media/kaotiklabs-jetpack/HF470A_11.webp|media/kaotiklabs-jetpack/HF470A_12.webp,https://cdn.shopify.com/s/files/1/0659/3334/4986/files/1_d8c4e313-7272-4d75-98c8-164cb050f275.webp|https://cdn.shopify.com/s/files/1/0659/3334/4986/files/2_43b06c13-feb4-478f-b396-a35627037604.webp|https://cdn.shopify.com/s/files/1/0659/3334/4986/files/3_df655d70-7028-4c97-a401-e0755222d3a4.webp|https://cdn.shopify.com/s/files/1/0659/3334/4986/files/4_f79a509d-4d32-49d8-bfbe-39289c1d3201.webp|https://cdn.shopify.com/s/files/1/0659/3334/4986/files/5_96f324f8-64df-4584-be7f-63bb1271ac8c.webp|https://cdn.shopify.com/s/files/1/0659/3334/4986/files/6_d2ca56c9-66c7-49a3-8811-b4d855d11bdb.webp|https://cdn.shopify.com/s/files/1/0659/3334/4986/files/7_26bfabe6-c004-4a8c-bb84-3dee8d22d840.webp|https://cdn.shopify.com/s/files/1/0659/3334/4986/files/8_db4036e2-b435-4c04-b559-cbf6a2846f04.webp|https://cdn.shopify.com/s/files/1/0659/3334/4986/files/9_13b01426-f2a5-4da1-a25d-e7597a142745.webp|https://cdn.shopify.com/s/files/1/0659/3334/4986/files/10_61f48fe8-1d7a-427a-84c7-40e63430818e.webp|https://cdn.shopify.com/s/files/1/0659/3334/4986/files/11_36b5a555-ab46-41d9-b90b-1079b4bcb25b.webp|https://cdn.shopify.com/s/files/1/0659/3334/4986/files/12_9916ef66-b78f-4346-884f-ce84940b62a2.webp,12,1,HF470A,174.95,174.95,"[{""sku"": ""HF470A"", ""title"": ""Default Title"", ""price"": ""174.95"", ""compare_at_price"": ""209.95"", ""available"": true, ""weight_grams"": 1300}]"
9084363800794,SELENA,selena,https://www.svakom.com/products/selena,G-Spot Vibrators,"All Products, app-controlled sex toys, app-controlled sex toys video, APP-controlled Toys, Apps Controlled Toys, Beginner, beginner's sex toys, female sex toys, Foreplay Toys, foreplay vibrators, g-spot, g-spot vibrators, interactive sex toys, lesbian sex toys, new, Newest, sex toy, sex toys, Sex Toys for Couples, thrusting vibrators, vibrators","A Softer, More Natural Flow

Selena was designed for users who prefer a more gentle and emotionally paced stimulation experience. Instead of intensity-first design, it focuses on smooth transitions and soft rhythm variations. Its internal structure prioritizes comfort and adaptability, making it feel less mechanical and more natural in use.

Selena is ideal for those who value subtlety and want a device that supports longer, more relaxed sessions.

Frequently Asked Questions

What is SVAKOM Selena?
Selena is a female-focused vibrator designed for smooth, gentle, and rhythmic stimulation.

Is Selena strong?
It focuses more on softness and control than extreme intensity.

Is it beginner-friendly?
Yes. It is designed for comfort and easy use.

Does it have multiple modes?
Yes. It includes different vibration patterns.

Is it quiet?
Yes. It is designed for discreet operation.

Is it waterproof?
Yes. It is waterproof and easy to clean.","<h2 data-section-id=""7ngfd3"" data-start=""2848"" data-end=""2878"" class=""PDq2pG_selectionAnchorContainer"">A Softer, More Natural Flow<span aria-hidden=""true"" class=""PDq2pG_selectionAnchor""></span>
</h2>
<p data-start=""2880"" data-end=""3193"">Selena was designed for users who prefer a more gentle and emotionally paced stimulation experience. Instead of intensity-first design, it focuses on smooth transitions and soft rhythm variations. Its internal structure prioritizes comfort and adaptability, making it feel less mechanical and more natural in use.</p>
<p data-start=""3195"" data-end=""3302"">Selena is ideal for those who value subtlety and want a device that supports longer, more relaxed sessions.</p>
<hr data-start=""3304"" data-end=""3307"">
<h2 data-section-id=""1r8frcv"" data-start=""3309"" data-end=""3338"">Frequently Asked Questions</h2>
<p data-start=""3340"" data-end=""3459""><strong data-start=""3340"" data-end=""3366"">What is SVAKOM Selena?</strong><br data-start=""3366"" data-end=""3369"">Selena is a female-focused vibrator designed for smooth, gentle, and rhythmic stimulation.</p>
<p data-start=""3461"" data-end=""3548""><strong data-start=""3461"" data-end=""3482"">Is Selena strong?</strong><br data-start=""3482"" data-end=""3485"">It focuses more on softness and control than extreme intensity.</p>
<p data-start=""3550"" data-end=""3626""><strong data-start=""3550"" data-end=""3578"">Is it beginner-friendly?</strong><br data-start=""3578"" data-end=""3581"">Yes. It is designed for comfort and easy use.</p>
<p data-start=""3628"" data-end=""3709""><strong data-start=""3628"" data-end=""3660"">Does it have multiple modes?</strong><br data-start=""3660"" data-end=""3663"">Yes. It includes different vibration patterns.</p>
<p data-start=""3711"" data-end=""3773""><strong data-start=""3711"" data-end=""3727"">Is it quiet?</strong><br data-start=""3727"" data-end=""3730"">Yes. It is designed for discreet operation.</p>
<p data-start=""3775"" data-end=""3839""><strong data-start=""3775"" data-end=""3796"">Is it waterproof?</strong><br data-start=""3796"" data-end=""3799"">Yes. It is waterproof and easy to clean.</p>",media/selena/SA695A_1.webp|media/selena/SA695A_2.webp|media/selena/SA695A_3.webp|media/selena/SA695A_4.webp|media/selena/SA695A_5.webp|media/selena/SA695A_6.webp|media/selena/SA695A_7.webp|media/selena/SA695A_8.webp|media/selena/SA695A_9.webp|media/selena/SA695A_10.webp,https://cdn.shopify.com/s/files/1/0659/3334/4986/files/Selena_svakom_1_c8fc2220-fb7a-4969-bf8a-2192886805d5.webp|https://cdn.shopify.com/s/files/1/0659/3334/4986/files/Selena_svakom_2_3a476b57-dfe2-45da-95d0-09857cb236ac.webp|https://cdn.shopify.com/s/files/1/0659/3334/4986/files/Selena_svakom_3_d07435e2-6bd8-486d-b26c-be6dbe7c7d01.webp|https://cdn.shopify.com/s/files/1/0659/3334/4986/files/Selena_svakom_4_829d4657-d55e-48b0-b718-3b87df7ab596.webp|https://cdn.shopify.com/s/files/1/0659/3334/4986/files/Selena_svakom_5_68835822-3bc1-411e-a84a-c7ece105e65c.webp|https://cdn.shopify.com/s/files/1/0659/3334/4986/files/Selena_svakom_6_44e5867a-9862-480d-8ef1-c4a3751722e8.webp|https://cdn.shopify.com/s/files/1/0659/3334/4986/files/Selena_svakom_7_6b9da343-93f1-4423-bfeb-c8dbae5f3d8f.webp|https://cdn.shopify.com/s/files/1/0659/3334/4986/files/Selena_svakom_8_518f0d02-5adf-4f0a-98dc-3516b17241e2.webp|https://cdn.shopify.com/s/files/1/0659/3334/4986/files/Selena_svakom_9_4f56e4cc-6890-4a11-8301-389872a2dda8.webp|https://cdn.shopify.com/s/files/1/0659/3334/4986/files/Selena_svakom_10_f5044a11-ae48-4cd6-bae7-d2dbe427fa1f.webp,10,1,SA695A,78.95,78.95,"[{""sku"": ""SA695A"", ""title"": ""Default Title"", ""price"": ""78.95"", ""compare_at_price"": null, ""available"": true, ""weight_grams"": 194}]"
9120547864794,BEATRICE,beatrice,https://www.svakom.com/products/beatrice,Clitoral Vibrators,"All Products, Beginner, beginner's sex toys, Best Sellers, clitoral vibrators, Couples, female sex toys, female toys, Foreplay Toys, foreplay vibrators, lesbian sex toys, sex toy, sex toys, Sex Toys for Couples, Valentines Day, vibrator, vibrators","Two Sensations. One Beautiful Design.

Why choose between internal and external stimulation when you can enjoy both?

Beatrice was designed to create harmony between targeted internal pleasure and flexible external stimulation. Its elegant silhouette follows your body's natural curves, while independent motors allow you to personalize every session exactly the way you like it.

Powerful enough to satisfy experienced users, yet intuitive enough for beginners, Beatrice is proof that versatility and elegance can coexist beautifully.

Designed to fit.

Built to impress.

Frequently Asked Questions

What is SVAKOM Beatrice?

SVAKOM Beatrice is a dual-stimulation rabbit vibrator designed to provide simultaneous internal and external vibration through independently controlled motors.

What makes Beatrice different from traditional rabbit vibrators?

Beatrice combines ergonomic design, dual-motor control, and flexible stimulation points that adapt more naturally to different body shapes.

Can I control each motor separately?

Yes. Beatrice allows users to customize internal and external stimulation independently for a more personalized experience.

Is Beatrice beginner-friendly?

Yes. Adjustable intensity levels make Beatrice suitable for both beginners and experienced users.

How many vibration settings does Beatrice offer?

Beatrice features multiple vibration patterns and intensity levels designed to create a wide variety of sensations.

Is Beatrice waterproof?

Yes. Beatrice is waterproof for convenient cleaning and bath-friendly use.

What material is Beatrice made from?

Beatrice is crafted from premium body-safe silicone that feels soft, smooth, and comfortable against the skin.

Is Beatrice quiet?

Yes. Beatrice is designed with a low-noise motor system for a more discreet experience.

How do I charge Beatrice?

Beatrice includes a magnetic USB charging cable and rechargeable battery system.

Why do people love Beatrice?

Many users appreciate Beatrice for its comfortable fit, dual stimulation, and elegant design that balances power with ease of use.","<h2>Two Sensations. One Beautiful Design.</h2>
<p>Why choose between internal and external stimulation when you can enjoy both?</p>
<p>Beatrice was designed to create harmony between targeted internal pleasure and flexible external stimulation. Its elegant silhouette follows your body's natural curves, while independent motors allow you to personalize every session exactly the way you like it.</p>
<p>Powerful enough to satisfy experienced users, yet intuitive enough for beginners, Beatrice is proof that versatility and elegance can coexist beautifully.</p>
<p>Designed to fit.</p>
<p>Built to impress.</p>
<hr>
<h2>Frequently Asked Questions</h2>
<h3>What is SVAKOM Beatrice?</h3>
<p>SVAKOM Beatrice is a dual-stimulation rabbit vibrator designed to provide simultaneous internal and external vibration through independently controlled motors.</p>
<h3>What makes Beatrice different from traditional rabbit vibrators?</h3>
<p>Beatrice combines ergonomic design, dual-motor control, and flexible stimulation points that adapt more naturally to different body shapes.</p>
<h3>Can I control each motor separately?</h3>
<p>Yes. Beatrice allows users to customize internal and external stimulation independently for a more personalized experience.</p>
<h3>Is Beatrice beginner-friendly?</h3>
<p>Yes. Adjustable intensity levels make Beatrice suitable for both beginners and experienced users.</p>
<h3>How many vibration settings does Beatrice offer?</h3>
<p>Beatrice features multiple vibration patterns and intensity levels designed to create a wide variety of sensations.</p>
<h3>Is Beatrice waterproof?</h3>
<p>Yes. Beatrice is waterproof for convenient cleaning and bath-friendly use.</p>
<h3>What material is Beatrice made from?</h3>
<p>Beatrice is crafted from premium body-safe silicone that feels soft, smooth, and comfortable against the skin.</p>
<h3>Is Beatrice quiet?</h3>
<p>Yes. Beatrice is designed with a low-noise motor system for a more discreet experience.</p>
<h3>How do I charge Beatrice?</h3>
<p>Beatrice includes a magnetic USB charging cable and rechargeable battery system.</p>
<h3>Why do people love Beatrice?</h3>
<p>Many users appreciate Beatrice for its comfortable fit, dual stimulation, and elegant design that balances power with ease of use.</p>",media/beatrice/S137B_1.webp|media/beatrice/S137B_2.webp|media/beatrice/S137B_3.webp|media/beatrice/S137B_4.jpg|media/beatrice/S137B_5.webp|media/beatrice/S137B_6.webp|media/beatrice/S137B_7.webp,https://cdn.shopify.com/s/files/1/0659/3334/4986/files/beatrice.webp|https://cdn.shopify.com/s/files/1/0659/3334/4986/files/2_058d8613-1c9f-47ec-879c-616fbd91249a.webp|https://cdn.shopify.com/s/files/1/0659/3334/4986/files/Beatrice_gif.webp|https://cdn.shopify.com/s/files/1/0659/3334/4986/files/beatrice_features_carousel_svakom.jpg|https://cdn.shopify.com/s/files/1/0659/3334/4986/files/3_c6e28ec4-47d8-4d7a-9006-ddcf3a0715e1.webp|https://cdn.shopify.com/s/files/1/0659/3334/4986/files/4_9babc1a7-e5a1-4ec8-92c4-3f93990d4783.webp|https://cdn.shopify.com/s/files/1/0659/3334/4986/files/5_1df87106-6fbf-4fbc-adc3-734fdf9b3998.webp,7,1,S137B,36.95,36.95,"[{""sku"": ""S137B"", ""title"": ""Default Title"", ""price"": ""36.95"", ""compare_at_price"": ""54.95"", ""available"": true, ""weight_grams"": 97}]"
9111245848794,SVAKOM USB-A TO DUAL-ENDED MAGNETIC CHARGING CABLE,dual-ended-magnetic-charging-cable,https://www.svakom.com/products/dual-ended-magnetic-charging-cable,Accessories,"Accessories, All Products, cable, charging cable","Experience smooth, hassle-free charging with the SVAKOM Magnetic Dual-Head Charging Cable, designed specifically for Duoglow and other compatible SVAKOM sex toys.
This upgraded cable features two magnetic connectors, allowing a stable, secure attachment that snaps into place instantly. The USB input ensures universal compatibility, making charging safer, faster, and more efficient.

Whether you’re replacing a lost cable or need an extra one on hand, this magnetic charger delivers reliable performance, strong durability, and effortless convenience.","<p>Experience smooth, hassle-free charging with the SVAKOM Magnetic Dual-Head Charging Cable, designed specifically for Duoglow and other compatible SVAKOM sex toys.<br>This upgraded cable features two magnetic connectors, allowing a stable, secure attachment that snaps into place instantly. The USB input ensures universal compatibility, making charging safer, faster, and more efficient.</p>
<p>Whether you’re replacing a lost cable or need an extra one on hand, this magnetic charger delivers reliable performance, strong durability, and effortless convenience.</p>",media/dual-ended-magnetic-charging-cable/SL278U_1.webp,https://cdn.shopify.com/s/files/1/0659/3334/4986/files/duoglowchargingcablesvakom.webp,1,1,SL278U,20.95,20.95,"[{""sku"": ""SL278U"", ""title"": ""Default Title"", ""price"": ""20.95"", ""compare_at_price"": ""24.95"", ""available"": true, ""weight_grams"": 57}]"
9106347950298,SVAKOM CAP,svakom-cap,https://www.svakom.com/products/svakom-cap,Accessories,"Accessories, All Products","Bring a touch of SVAKOM style to your day with our cool cap. Made from breathable cotton and embroidered with the SVAKOM logo in crisp white, this lightweight lilac cap blends comfort with minimalist elegance. With its adjustable fit and gentle color, it’s an easy-to-wear accessory designed to brighten your look and elevate your everyday moments.","<p data-start=""1682"" data-end=""1949""><meta charset=""utf-8"">Bring a touch of SVAKOM style to your day with our cool cap. Made from breathable cotton and embroidered with the SVAKOM logo in crisp white, this lightweight lilac cap blends comfort with minimalist elegance. With its adjustable fit and gentle color, it’s an easy-to-wear accessory designed to brighten your look and elevate your everyday moments. </p>",media/svakom-cap/svakom-cap_1.webp,https://cdn.shopify.com/s/files/1/0659/3334/4986/files/capcaroselpicturesvakom.webp,1,1,,11.95,11.95,"[{""sku"": """", ""title"": ""Default Title"", ""price"": ""11.95"", ""compare_at_price"": ""14.95"", ""available"": true, ""weight_grams"": 51}]"
8978464669914,MARGOT,margot,https://www.svakom.com/products/margot,G-Spot Vibrators,"All Products, app-controlled sex toys, app-controlled sex toys video, APP-controlled Toys, Apps Controlled Toys, classic vibrators, Couples, female sex toys, female toys, Foreplay Toys, foreplay vibrators, g-spot, g-spot vibrators, heating, lesbian sex toys, LGBT sex toys, new, Newest, sex toy, sex toys, Sex Toys for Couples, Valentines Day, vibrators","A Quiet Form of Control

Margot was designed for those who prefer subtle, precise stimulation over overwhelming intensity. Its refined shape and controlled vibration profile focus on delivering consistent sensations without distraction. Elegant in design and intuitive in use, Margot brings a calm, centered experience that feels easy to return to whenever you want a moment of focus.

Frequently Asked Questions

What is SVAKOM Margot?
SVAKOM Margot is a compact vibrator designed for controlled and focused stimulation.

Is Margot powerful?
It offers balanced intensity with smooth vibration transitions.

Is it beginner-friendly?
Yes. Its simple structure makes it easy to use.

Is it discreet?
Yes. Its compact design allows easy storage and discreet use.

Is Margot waterproof?
Yes. It is waterproof and easy to clean.","<h2 data-section-id=""oinssg"" data-start=""112"" data-end=""138"">A Quiet Form of Control</h2>
<p data-start=""140"" data-end=""499"">Margot was designed for those who prefer subtle, precise stimulation over overwhelming intensity. Its refined shape and controlled vibration profile focus on delivering consistent sensations without distraction. Elegant in design and intuitive in use, Margot brings a calm, centered experience that feels easy to return to whenever you want a moment of focus.</p>
<hr data-start=""501"" data-end=""504"">
<h2 data-section-id=""1r8frcv"" data-start=""506"" data-end=""535"">Frequently Asked Questions</h2>
<p data-start=""537"" data-end=""650""><strong data-start=""537"" data-end=""563"">What is SVAKOM Margot?</strong><br data-start=""563"" data-end=""566"">SVAKOM Margot is a compact vibrator designed for controlled and focused stimulation.</p>
<p data-start=""652"" data-end=""741""><strong data-start=""652"" data-end=""675"">Is Margot powerful?</strong><br data-start=""675"" data-end=""678"">It offers balanced intensity with smooth vibration transitions.</p>
<p data-start=""743"" data-end=""821""><strong data-start=""743"" data-end=""771"">Is it beginner-friendly?</strong><br data-start=""771"" data-end=""774"">Yes. Its simple structure makes it easy to use.</p>
<p data-start=""823"" data-end=""906""><strong data-start=""823"" data-end=""842"">Is it discreet?</strong><br data-start=""842"" data-end=""845"">Yes. Its compact design allows easy storage and discreet use.</p>
<p data-start=""908"" data-end=""976""><strong data-start=""908"" data-end=""933"">Is Margot waterproof?</strong><br data-start=""933"" data-end=""936"">Yes. It is waterproof and easy to clean.</p>",media/margot/SA614A_1.webp|media/margot/SA614A_2.gif|media/margot/SA614A_3.webp|media/margot/SA614A_4.webp|media/margot/SA614A_5.webp|media/margot/SA614A_6.webp|media/margot/SA614A_7.webp|media/margot/SA614A_8.webp|media/margot/SA614A_9.webp|media/margot/SA614A_10.webp|media/margot/SA614A_11.webp|media/margot/SA614A_12.webp,https://cdn.shopify.com/s/files/1/0659/3334/4986/files/Margot_svakom_1_9f5623b2-a6e6-4811-8771-b57514277d83.webp|https://cdn.shopify.com/s/files/1/0659/3334/4986/files/C9691.gif|https://cdn.shopify.com/s/files/1/0659/3334/4986/files/Margot_svakom_2_c7bc48d1-7fc7-4ed4-bfa8-578623f16f77.webp|https://cdn.shopify.com/s/files/1/0659/3334/4986/files/Margot_svakom_3.webp|https://cdn.shopify.com/s/files/1/0659/3334/4986/files/Margot_svakom_4_e6775ab2-63af-4f0c-896a-f5d1d3e61c29.webp|https://cdn.shopify.com/s/files/1/0659/3334/4986/files/Margot_svakom_5.webp|https://cdn.shopify.com/s/files/1/0659/3334/4986/files/Margot_svakom_6_44fddae5-04c0-469e-a388-7f4210d7ed9a.webp|https://cdn.shopify.com/s/files/1/0659/3334/4986/files/Margot_svakom_7_f158a9b4-fecc-450f-bcc6-417cda4a5aac.webp|https://cdn.shopify.com/s/files/1/0659/3334/4986/files/Margot_svakom_8_c526b305-dd39-4934-8379-5a413bdda694.webp|https://cdn.shopify.com/s/files/1/0659/3334/4986/files/Margot_svakom_9_2d4095fb-922c-46d3-a445-b18c1db5f67c.webp|https://cdn.shopify.com/s/files/1/0659/3334/4986/files/Margot_svakom_10.webp|https://cdn.shopify.com/s/files/1/0659/3334/4986/files/Margot_svakom_11.webp,12,1,SA614A,78.95,78.95,"[{""sku"": ""SA614A"", ""title"": ""Default Title"", ""price"": ""78.95"", ""compare_at_price"": null, ""available"": true, ""weight_grams"": 196}]"
8995509633242,DUOGLOW,duoglow,https://www.svakom.com/products/duoglow,G-Spot Vibrators,"All Products, app-controlled sex toys, app-controlled sex toys video, APP-controlled Toys, Apps Controlled Toys, Best Sellers, classic vibrators, Couples, female sex toys, female toys, g-spot, g-spot vibrators, heating, interactive sex toys, Interactive Toys, lesbian sex toys, new, Newest, rabbit, Rabbit Vibrators, sex toy, sex toys, Sex Toys for Couples, Valentines Day, vibrator, vibrators","One Toy. More Ways To Play.

Most toys ask you to choose one sensation.

DuoGlow doesn't.

Designed as two perfectly paired parts, DuoGlow combines a thrusting beaded vibrator with a detachable pulsating stimulator that can also function as a wireless remote. Use them together for blended stimulation, separate them for more focused sensations, or hand over control and let someone else decide what happens next.

The rotating double-beaded ring creates rhythmic movement, while powerful vibration, pulsation, and warming functions add even more variety. Connected to the SVAKOM App, DuoGlow becomes even more customizable with long-distance control, personalized patterns, and interactive features.

Whether you're exploring solo or sharing the experience with a partner, DuoGlow gives you more ways to play than you thought possible.

Frequently Asked Questions

What is SVAKOM DuoGlow?

SVAKOM DuoGlow is a dual-part app-controlled vibrator that combines a thrusting beaded vibrator with a detachable pulsating stimulator. The two pieces can be used together or separately for different stimulation styles.

What makes DuoGlow different from other vibrators?

DuoGlow features a unique detachable design. The pulsating stimulator can be used independently or as a wireless remote for the main vibrator, giving users more flexibility and control than traditional single-piece designs.

Can I use both parts separately?

Yes. DuoGlow is designed to work both as a complete system and as two separate devices. This allows for more targeted stimulation and different ways to explore the experience.

Is DuoGlow app controlled?

Yes. DuoGlow connects to the SVAKOM App, allowing you to customize patterns, create your own settings, and share control remotely with a partner.

Does DuoGlow have a heating function?

Yes. DuoGlow includes a warming feature designed to provide a more natural and comfortable experience.

How many modes does DuoGlow have?

DuoGlow features 7 thrusting and rotating patterns, 7 vibration modes, and 7 pulsation rhythms, offering a wide variety of stimulation combinations.

Is DuoGlow suitable for beginners?

Yes. While DuoGlow offers advanced features, its simple controls and adjustable intensity levels make it accessible for both beginners and experienced users.

Is DuoGlow waterproof?

Yes. DuoGlow is rated IPX7 waterproof, making it suitable for bath or shower use and easy cleaning after every session.

How do I charge DuoGlow?

DuoGlow includes a dual-ended magnetic charging cable that allows both components to be charged conveniently. A full charge takes approximately 2.5 hours.

Why do people love DuoGlow?

Many users appreciate DuoGlow's versatility. The combination of thrusting movement, rotating beads, pulsation, warming technology, app control, and detachable design allows one device to deliver multiple experiences without switching products.","<h2>One Toy. More Ways To Play.</h2>
<p>Most toys ask you to choose one sensation.</p>
<p>DuoGlow doesn't.</p>
<p>Designed as two perfectly paired parts, DuoGlow combines a thrusting beaded vibrator with a detachable pulsating stimulator that can also function as a wireless remote. Use them together for blended stimulation, separate them for more focused sensations, or hand over control and let someone else decide what happens next.</p>
<p>The rotating double-beaded ring creates rhythmic movement, while powerful vibration, pulsation, and warming functions add even more variety. Connected to the SVAKOM App, DuoGlow becomes even more customizable with long-distance control, personalized patterns, and interactive features.</p>
<p>Whether you're exploring solo or sharing the experience with a partner, DuoGlow gives you more ways to play than you thought possible.</p>
<hr>
<h2>Frequently Asked Questions</h2>
<h3>What is SVAKOM DuoGlow?</h3>
<p>SVAKOM DuoGlow is a dual-part app-controlled vibrator that combines a thrusting beaded vibrator with a detachable pulsating stimulator. The two pieces can be used together or separately for different stimulation styles.</p>
<hr>
<h3>What makes DuoGlow different from other vibrators?</h3>
<p>DuoGlow features a unique detachable design. The pulsating stimulator can be used independently or as a wireless remote for the main vibrator, giving users more flexibility and control than traditional single-piece designs.</p>
<hr>
<h3>Can I use both parts separately?</h3>
<p>Yes. DuoGlow is designed to work both as a complete system and as two separate devices. This allows for more targeted stimulation and different ways to explore the experience.</p>
<hr>
<h3>Is DuoGlow app controlled?</h3>
<p>Yes. DuoGlow connects to the SVAKOM App, allowing you to customize patterns, create your own settings, and share control remotely with a partner.</p>
<hr>
<h3>Does DuoGlow have a heating function?</h3>
<p>Yes. DuoGlow includes a warming feature designed to provide a more natural and comfortable experience.</p>
<hr>
<h3>How many modes does DuoGlow have?</h3>
<p>DuoGlow features 7 thrusting and rotating patterns, 7 vibration modes, and 7 pulsation rhythms, offering a wide variety of stimulation combinations.</p>
<hr>
<h3>Is DuoGlow suitable for beginners?</h3>
<p>Yes. While DuoGlow offers advanced features, its simple controls and adjustable intensity levels make it accessible for both beginners and experienced users.</p>
<hr>
<h3>Is DuoGlow waterproof?</h3>
<p>Yes. DuoGlow is rated IPX7 waterproof, making it suitable for bath or shower use and easy cleaning after every session.</p>
<hr>
<h3>How do I charge DuoGlow?</h3>
<p>DuoGlow includes a dual-ended magnetic charging cable that allows both components to be charged conveniently. A full charge takes approximately 2.5 hours.</p>
<hr>
<h3>Why do people love DuoGlow?</h3>
<p>Many users appreciate DuoGlow's versatility. The combination of thrusting movement, rotating beads, pulsation, warming technology, app control, and detachable design allows one device to deliver multiple experiences without switching products.</p>",media/duoglow/SL278U_1.webp|media/duoglow/SL278U_2.gif|media/duoglow/SL278U_3.webp|media/duoglow/SL278U_4.webp|media/duoglow/SL278U_5.webp|media/duoglow/SL278U_6.webp|media/duoglow/SL278U_7.webp|media/duoglow/SL278U_8.webp|media/duoglow/SL278U_9.webp|media/duoglow/SL278U_10.webp|media/duoglow/SL278U_11.webp|media/duoglow/SL278U_12.webp|media/duoglow/SL278U_13.webp,https://cdn.shopify.com/s/files/1/0659/3334/4986/files/DuoGlow_svakom_1_d34156db-74e3-485e-9435-a04679bbfac0.webp|https://cdn.shopify.com/s/files/1/0659/3334/4986/files/duoglow_carosel_picture_svakom_2.gif|https://cdn.shopify.com/s/files/1/0659/3334/4986/files/DuoGlow_svakom_2_7ddaa4dd-49cc-47f9-8204-8d23cf93e91c.webp|https://cdn.shopify.com/s/files/1/0659/3334/4986/files/DuoGlow_svakom_3.webp|https://cdn.shopify.com/s/files/1/0659/3334/4986/files/DuoGlow_svakom_4_660bc52e-ba2a-4592-8e44-75939ffe0744.webp|https://cdn.shopify.com/s/files/1/0659/3334/4986/files/DuoGlow_svakom_5_e5a5e77c-0eca-43d4-a676-afcb17d002bc.webp|https://cdn.shopify.com/s/files/1/0659/3334/4986/files/DuoGlow_svakom_6_7e02826c-bbbf-425d-9444-12a51fe3c073.webp|https://cdn.shopify.com/s/files/1/0659/3334/4986/files/DuoGlow_svakom_7_e29c9dd2-bce5-4bcf-a724-bf9979ddcf43.webp|https://cdn.shopify.com/s/files/1/0659/3334/4986/files/DuoGlow_svakom_8_9c92f1e6-366e-437b-a1cf-895f6dda78c4.webp|https://cdn.shopify.com/s/files/1/0659/3334/4986/files/DuoGlow_svakom_9_2d01b28e-b484-4917-a89d-1a073faf657a.webp|https://cdn.shopify.com/s/files/1/0659/3334/4986/files/DuoGlow_svakom_11.webp|https://cdn.shopify.com/s/files/1/0659/3334/4986/files/duoglow.webp|https://cdn.shopify.com/s/files/1/0659/3334/4986/files/DuoGlow_svakom_12.webp,13,1,SL278U,104.95,104.95,"[{""sku"": ""SL278U"", ""title"": ""Default Title"", ""price"": ""104.95"", ""compare_at_price"": null, ""available"": true, ""weight_grams"": 248}]"
8921707053274,TAMMY PRO,tammy-pro,https://www.svakom.com/products/tammy-pro,Sensations,"__hidden, hidden, Hidden recommendation, Hidden upsell recommendation, Hide, hiden",,,media/tammy-pro/tammy-pro_1.png|media/tammy-pro/tammy-pro_2.png|media/tammy-pro/tammy-pro_3.png,https://cdn.shopify.com/s/files/1/0659/3334/4986/files/TAMMY_PRO.png|https://cdn.shopify.com/s/files/1/0659/3334/4986/files/TAMMY-Svakom-136010011.png|https://cdn.shopify.com/s/files/1/0659/3334/4986/files/TAMMY-Svakom-136010469.png,3,1,,69.95,69.95,"[{""sku"": """", ""title"": ""Default Title"", ""price"": ""69.95"", ""compare_at_price"": null, ""available"": false, ""weight_grams"": 0}]"
8915336200410,SVAKOM MOOD LIGHT,svakom-light,https://www.svakom.com/products/svakom-light,Accessories,"Accessories, All Products",,<div><span></span></div>,media/svakom-light/SKLP01_1.webp|media/svakom-light/SKLP01_2.gif|media/svakom-light/SKLP01_3.gif|media/svakom-light/SKLP01_4.jpg|media/svakom-light/SKLP01_5.jpg|media/svakom-light/SKLP01_6.jpg|media/svakom-light/SKLP01_7.gif,https://cdn.shopify.com/s/files/1/0659/3334/4986/files/ambient_mood_light_carousel_photo.webp|https://cdn.shopify.com/s/files/1/0659/3334/4986/files/d51d84e3aa23a00fcf1a2929ff88bd61.gif|https://cdn.shopify.com/s/files/1/0659/3334/4986/files/e382d37007d9ff98bdf4bf5b7e934a11.gif|https://cdn.shopify.com/s/files/1/0659/3334/4986/files/4_a347003c-bb9a-46b7-9282-07a85ffc07a4.jpg|https://cdn.shopify.com/s/files/1/0659/3334/4986/files/6_057c8d9d-ef5b-419e-8447-210dcab4550f.jpg|https://cdn.shopify.com/s/files/1/0659/3334/4986/files/2_5d0dead5-7784-4857-8c9b-53c94be92f12.jpg|https://cdn.shopify.com/s/files/1/0659/3334/4986/files/2e32a1d7221ed6f8c8660312e33a108f_d5a3de63-d320-4b51-9ea2-fb2fcdcd7e8d.gif,7,1,SKLP01,26.95,26.95,"[{""sku"": ""SKLP01"", ""title"": ""Default Title"", ""price"": ""26.95"", ""compare_at_price"": ""39.95"", ""available"": true, ""weight_grams"": 200}]"
8904822227162,MARIN,marin,https://www.svakom.com/products/marin,Sensations,"__hidden, hidden, Hidden recommendation, Hidden upsell recommendation, Hide, hiden",,,media/marin/6959633147849_1.png|media/marin/6959633147849_2.png|media/marin/6959633147849_3.png|media/marin/6959633147849_4.png,https://cdn.shopify.com/s/files/1/0659/3334/4986/files/marin1.png|https://cdn.shopify.com/s/files/1/0659/3334/4986/files/marin2.png|https://cdn.shopify.com/s/files/1/0659/3334/4986/files/marin3.png|https://cdn.shopify.com/s/files/1/0659/3334/4986/files/marin4.png,4,1,6959633147849,60.95,60.95,"[{""sku"": ""6959633147849"", ""title"": ""Default Title"", ""price"": ""60.95"", ""compare_at_price"": null, ""available"": false, ""weight_grams"": 150}]"
8904730673370,BECKY/BILLY,becky-billy,https://www.svakom.com/products/becky-billy,Sensations,"__hidden, hidden, Hidden recommendation, Hidden upsell recommendation, Hide, hiden",,,media/becky-billy/becky-billy_1.png|media/becky-billy/becky-billy_2.png|media/becky-billy/becky-billy_3.png|media/becky-billy/becky-billy_4.png|media/becky-billy/becky-billy_5.png|media/becky-billy/becky-billy_6.png,https://cdn.shopify.com/s/files/1/0659/3334/4986/files/billy1_eca8d2ce-d5af-4ffa-bdce-f8fad9f11f26.png|https://cdn.shopify.com/s/files/1/0659/3334/4986/files/billy2.png|https://cdn.shopify.com/s/files/1/0659/3334/4986/files/billy3.png|https://cdn.shopify.com/s/files/1/0659/3334/4986/files/becky.png|https://cdn.shopify.com/s/files/1/0659/3334/4986/files/becky2.png|https://cdn.shopify.com/s/files/1/0659/3334/4986/files/billy4.png,6,1,,60.95,60.95,"[{""sku"": """", ""title"": ""Default Title"", ""price"": ""60.95"", ""compare_at_price"": null, ""available"": false, ""weight_grams"": 93}]"
8866452504794,EMMA,emma,https://www.svakom.com/products/emma,Sensations,"__hidden, hidden, Hidden recommendation, Hidden upsell recommendation, Hide, hiden",,,media/emma/emma_1.jpg|media/emma/emma_2.jpg|media/emma/emma_3.jpg|media/emma/emma_4.jpg|media/emma/emma_5.jpg|media/emma/emma_6.jpg|media/emma/emma_7.jpg|media/emma/emma_8.jpg,https://cdn.shopify.com/s/files/1/0659/3334/4986/files/20250526101226.jpg|https://cdn.shopify.com/s/files/1/0659/3334/4986/files/DSC_2308.jpg|https://cdn.shopify.com/s/files/1/0659/3334/4986/files/2_6.jpg|https://cdn.shopify.com/s/files/1/0659/3334/4986/files/3_1.jpg|https://cdn.shopify.com/s/files/1/0659/3334/4986/files/DSC_2147.jpg|https://cdn.shopify.com/s/files/1/0659/3334/4986/files/DSC_2148.jpg|https://cdn.shopify.com/s/files/1/0659/3334/4986/files/DSC_2146.jpg|https://cdn.shopify.com/s/files/1/0659/3334/4986/files/DSC_2246.jpg,8,1,,95.95,95.95,"[{""sku"": """", ""title"": ""Default Title"", ""price"": ""95.95"", ""compare_at_price"": null, ""available"": false, ""weight_grams"": 210}]"
8866406400218,LUNA & SELENE,luna-selene,https://www.svakom.com/products/luna-selene,Sensations,"__hidden, hidden, Hidden recommendation, Hidden upsell recommendation, Hide, hiden",,,media/luna-selene/SVA-3100226-OLD_1.jpg|media/luna-selene/SVA-3100226-OLD_2.webp,https://cdn.shopify.com/s/files/1/0659/3334/4986/files/luna_selene.jpg|https://cdn.shopify.com/s/files/1/0659/3334/4986/files/Svakom-Luna-Selene-violet-03.webp,2,1,SVA-3100226-OLD,86.95,86.95,"[{""sku"": ""SVA-3100226-OLD"", ""title"": ""Default Title"", ""price"": ""86.95"", ""compare_at_price"": null, ""available"": false, ""weight_grams"": 110}]"
8866361278682,CATHY/CHERRY,cathy,https://www.svakom.com/products/cathy,Sensations,"__hidden, hidden, Hidden recommendation, Hidden upsell recommendation, Hide, hiden",,,media/cathy/cathy_1.webp|media/cathy/cathy_2.webp|media/cathy/cathy_3.webp,https://cdn.shopify.com/s/files/1/0659/3334/4986/files/HobGVE_WfzOpjCc62Cu2xzWVBoiShvtVQdz02Yi_QrQ.webp|https://cdn.shopify.com/s/files/1/0659/3334/4986/files/Q8RHmnFH5TmsRUOoQ8q9omROHA6h4jTNCQk-Pyq7gTE.webp|https://cdn.shopify.com/s/files/1/0659/3334/4986/files/GwTwjre90BNG3oS5aHDyuZ5bxw4g_lI8XeSMu2d30yw.webp,3,1,,86.95,86.95,"[{""sku"": """", ""title"": ""Default Title"", ""price"": ""86.95"", ""compare_at_price"": null, ""available"": false, ""weight_grams"": 138}]"
8866261729498,ECHO,echo,https://www.svakom.com/products/echo,Sensations,"__hidden, hidden, Hidden recommendation, Hidden upsell recommendation, Hide, hiden",,,media/echo/echo_1.jpg|media/echo/echo_2.jpg|media/echo/echo_3.jpg,https://cdn.shopify.com/s/files/1/0659/3334/4986/files/20250526101223.jpg|https://cdn.shopify.com/s/files/1/0659/3334/4986/files/Echo_khaki.jpg|https://cdn.shopify.com/s/files/1/0659/3334/4986/files/echo_violet.jpg,3,1,,51.95,51.95,"[{""sku"": """", ""title"": ""Default Title"", ""price"": ""51.95"", ""compare_at_price"": null, ""available"": false, ""weight_grams"": 38}]"
8865171669210,VESPER,vesper,https://www.svakom.com/products/vesper,Sensations,"__hidden, hidden, Hidden recommendation, Hidden upsell recommendation, Hide, hiden",,,media/vesper/vesper_1.jpg|media/vesper/vesper_2.jpg,https://cdn.shopify.com/s/files/1/0659/3334/4986/files/Vesper-Violet.jpg|https://cdn.shopify.com/s/files/1/0659/3334/4986/files/S7.jpg,2,1,,86.95,86.95,"[{""sku"": """", ""title"": ""Default Title"", ""price"": ""86.95"", ""compare_at_price"": null, ""available"": false, ""weight_grams"": 118}]"
8865167999194,SIREN,siren,https://www.svakom.com/products/siren,Sensations,"__hidden, hidden, Hidden recommendation, Hidden upsell recommendation, Hide, hiden",,,media/siren/siren_1.jpg|media/siren/siren_2.jpg|media/siren/siren_3.jpg|media/siren/siren_4.jpg,https://cdn.shopify.com/s/files/1/0659/3334/4986/files/20250526101218.jpg|https://cdn.shopify.com/s/files/1/0659/3334/4986/files/DSC09563.jpg|https://cdn.shopify.com/s/files/1/0659/3334/4986/files/DSC09568.jpg|https://cdn.shopify.com/s/files/1/0659/3334/4986/files/DSC09566.jpg,4,1,,69.95,69.95,"[{""sku"": """", ""title"": ""Peach Pink"", ""price"": ""69.95"", ""compare_at_price"": null, ""available"": false, ""weight_grams"": 174}]"
8865164919002,SIIME PLUS,siime-plus,https://www.svakom.com/products/siime-plus,Sensations,"__hidden, hidden, Hidden recommendation, Hidden upsell recommendation, Hide, hiden",,,media/siime-plus/6959633105214_1.jpg|media/siime-plus/6959633105214_2.jpg|media/siime-plus/6959633105214_3.png|media/siime-plus/6959633105214_4.jpg,https://cdn.shopify.com/s/files/1/0659/3334/4986/files/20250526101214.jpg|https://cdn.shopify.com/s/files/1/0659/3334/4986/files/2a4ddf867561a9e46a2023e634ae6071.jpg|https://cdn.shopify.com/s/files/1/0659/3334/4986/files/dccdd7498868d2e12c8aa8bff5f2c727.png|https://cdn.shopify.com/s/files/1/0659/3334/4986/files/1_9.jpg,4,1,6959633105214,139.95,139.95,"[{""sku"": ""6959633105214"", ""title"": ""Default Title"", ""price"": ""139.95"", ""compare_at_price"": null, ""available"": false, ""weight_grams"": 408}]"
8865146929370,SIIME,siime,https://www.svakom.com/products/siime,Sensations,"__hidden, hidden, Hidden recommendation, Hidden upsell recommendation, Hide, hiden",,,media/siime/siime_1.jpg|media/siime/siime_2.jpg|media/siime/siime_3.jpg|media/siime/siime_4.jpg|media/siime/siime_5.jpg|media/siime/siime_6.jpg|media/siime/siime_7.jpg,https://cdn.shopify.com/s/files/1/0659/3334/4986/files/1_8.jpg|https://cdn.shopify.com/s/files/1/0659/3334/4986/files/DSC_1372.jpg|https://cdn.shopify.com/s/files/1/0659/3334/4986/files/Siime_a63cd469-96c7-46df-a68f-ba20fa9aac41.jpg|https://cdn.shopify.com/s/files/1/0659/3334/4986/files/DSC_1341.jpg|https://cdn.shopify.com/s/files/1/0659/3334/4986/files/DSC_1343.jpg|https://cdn.shopify.com/s/files/1/0659/3334/4986/files/2_5.jpg|https://cdn.shopify.com/s/files/1/0659/3334/4986/files/DSC_1388.jpg,7,1,,139.95,139.95,"[{""sku"": """", ""title"": ""Default Title"", ""price"": ""139.95"", ""compare_at_price"": null, ""available"": false, ""weight_grams"": 74}]"
8865092108506,SARA,sara,https://www.svakom.com/products/sara,Sensations,"__hidden, hidden, Hidden recommendation, Hidden upsell recommendation, Hide, hiden",,,media/sara/sara_1.jpg|media/sara/sara_2.jpg|media/sara/sara_3.jpg|media/sara/sara_4.jpg,https://cdn.shopify.com/s/files/1/0659/3334/4986/files/DSC09465.jpg|https://cdn.shopify.com/s/files/1/0659/3334/4986/files/DSC00009.jpg|https://cdn.shopify.com/s/files/1/0659/3334/4986/files/DSC09455.jpg|https://cdn.shopify.com/s/files/1/0659/3334/4986/files/DSC09463.jpg,4,1,,60.95,60.95,"[{""sku"": """", ""title"": ""Default Title"", ""price"": ""60.95"", ""compare_at_price"": null, ""available"": false, ""weight_grams"": 45}]"
8865087193306,REBECCA,rebecca,https://www.svakom.com/products/rebecca,Sensations,"__hidden, hidden, Hidden recommendation, Hidden upsell recommendation, Hide, hiden",,,media/rebecca/rebecca_1.jpg|media/rebecca/rebecca_2.jpg|media/rebecca/rebecca_3.jpg|media/rebecca/rebecca_4.jpg|media/rebecca/rebecca_5.jpg|media/rebecca/rebecca_6.jpg|media/rebecca/rebecca_7.jpg|media/rebecca/rebecca_8.jpg,https://cdn.shopify.com/s/files/1/0659/3334/4986/files/1_7.jpg|https://cdn.shopify.com/s/files/1/0659/3334/4986/files/DSC_2302.jpg|https://cdn.shopify.com/s/files/1/0659/3334/4986/files/2_3.jpg|https://cdn.shopify.com/s/files/1/0659/3334/4986/files/2_2.jpg|https://cdn.shopify.com/s/files/1/0659/3334/4986/files/Rebecca.jpg|https://cdn.shopify.com/s/files/1/0659/3334/4986/files/DSC_2108.jpg|https://cdn.shopify.com/s/files/1/0659/3334/4986/files/135.jpg|https://cdn.shopify.com/s/files/1/0659/3334/4986/files/DSC_2196.jpg,8,4,,43.95,43.95,"[{""sku"": """", ""title"": ""Black"", ""price"": ""43.95"", ""compare_at_price"": null, ""available"": false, ""weight_grams"": 27}, {""sku"": """", ""title"": ""White"", ""price"": ""43.95"", ""compare_at_price"": null, ""available"": false, ""weight_grams"": 27}, {""sku"": """", ""title"": ""Pink"", ""price"": ""43.95"", ""compare_at_price"": null, ""available"": false, ""weight_grams"": 27}, {""sku"": """", ""title"": ""Purple"", ""price"": ""43.95"", ""compare_at_price"": null, ""available"": false, ""weight_grams"": 27}]"
8865075593434,NINA,nina,https://www.svakom.com/products/nina,Sensations,"__hidden, hidden, Hidden recommendation, Hidden upsell recommendation, Hide, hiden",,,media/nina/nina_1.jpg|media/nina/nina_2.jpg|media/nina/nina_3.jpg|media/nina/nina_4.jpg,https://cdn.shopify.com/s/files/1/0659/3334/4986/files/110.jpg|https://cdn.shopify.com/s/files/1/0659/3334/4986/files/107.jpg|https://cdn.shopify.com/s/files/1/0659/3334/4986/files/105.jpg|https://cdn.shopify.com/s/files/1/0659/3334/4986/files/104.jpg,4,1,,60.95,60.95,"[{""sku"": """", ""title"": ""Default Title"", ""price"": ""60.95"", ""compare_at_price"": null, ""available"": false, ""weight_grams"": 103}]"
8864250560730,MUSE,muse,https://www.svakom.com/products/muse,Sensations,"__hidden, hidden, Hidden recommendation, Hidden upsell recommendation, Hide, hiden",,,media/muse/muse_1.jpg|media/muse/muse_2.jpg|media/muse/muse_3.jpg,https://cdn.shopify.com/s/files/1/0659/3334/4986/files/Muse_S37.jpg|https://cdn.shopify.com/s/files/1/0659/3334/4986/files/3R4A8339.jpg|https://cdn.shopify.com/s/files/1/0659/3334/4986/files/3R4A8352.jpg,3,1,,86.95,86.95,"[{""sku"": """", ""title"": ""Default Title"", ""price"": ""86.95"", ""compare_at_price"": null, ""available"": false, ""weight_grams"": 105}]"
8864248660186,LISA,lisa,https://www.svakom.com/products/lisa,Sensations,"__hidden, hidden, Hidden recommendation, Hidden upsell recommendation, Hide, hiden",,,media/lisa/lisa_1.jpg|media/lisa/lisa_2.jpg|media/lisa/lisa_3.jpg|media/lisa/lisa_4.jpg|media/lisa/lisa_5.jpg|media/lisa/lisa_6.jpg|media/lisa/lisa_7.jpg,https://cdn.shopify.com/s/files/1/0659/3334/4986/files/20250526101208.jpg|https://cdn.shopify.com/s/files/1/0659/3334/4986/files/DSC_2271.jpg|https://cdn.shopify.com/s/files/1/0659/3334/4986/files/Lisa.jpg|https://cdn.shopify.com/s/files/1/0659/3334/4986/files/34.jpg|https://cdn.shopify.com/s/files/1/0659/3334/4986/files/DSC_2138.jpg|https://cdn.shopify.com/s/files/1/0659/3334/4986/files/106.jpg|https://cdn.shopify.com/s/files/1/0659/3334/4986/files/23_897ad6fe-bb10-442c-b4a4-18e6ee5d6ac6.jpg,7,4,,69.95,69.95,"[{""sku"": """", ""title"": ""Violet"", ""price"": ""69.95"", ""compare_at_price"": null, ""available"": false, ""weight_grams"": 95}, {""sku"": """", ""title"": ""Black"", ""price"": ""69.95"", ""compare_at_price"": null, ""available"": false, ""weight_grams"": 95}, {""sku"": """", ""title"": ""White"", ""price"": ""69.95"", ""compare_at_price"": null, ""available"": false, ""weight_grams"": 95}, {""sku"": """", ""title"": ""Plum Red"", ""price"": ""69.95"", ""compare_at_price"": null, ""available"": false, ""weight_grams"": 95}]"
8864243974362,LESTER/LORNA/LUCAS,lester-lorna-lucas,https://www.svakom.com/products/lester-lorna-lucas,Sensations,"__hidden, hidden, Hidden recommendation, Hidden upsell recommendation, Hide, hiden",,,media/lester-lorna-lucas/lester-lorna-lucas_1.jpg|media/lester-lorna-lucas/lester-lorna-lucas_2.jpg|media/lester-lorna-lucas/lester-lorna-lucas_3.jpg|media/lester-lorna-lucas/lester-lorna-lucas_4.jpg|media/lester-lorna-lucas/lester-lorna-lucas_5.jpg|media/lester-lorna-lucas/lester-lorna-lucas_6.jpg|media/lester-lorna-lucas/lester-lorna-lucas_7.jpg|media/lester-lorna-lucas/lester-lorna-lucas_8.jpg,https://cdn.shopify.com/s/files/1/0659/3334/4986/files/1_6.jpg|https://cdn.shopify.com/s/files/1/0659/3334/4986/files/DSC_2285.jpg|https://cdn.shopify.com/s/files/1/0659/3334/4986/files/lester.jpg|https://cdn.shopify.com/s/files/1/0659/3334/4986/files/DSC_2161.jpg|https://cdn.shopify.com/s/files/1/0659/3334/4986/files/DSC_2157.jpg|https://cdn.shopify.com/s/files/1/0659/3334/4986/files/DSC_2266.jpg|https://cdn.shopify.com/s/files/1/0659/3334/4986/files/1_5.jpg|https://cdn.shopify.com/s/files/1/0659/3334/4986/files/32.jpg,8,4,,86.95,86.95,"[{""sku"": """", ""title"": ""Black"", ""price"": ""86.95"", ""compare_at_price"": null, ""available"": false, ""weight_grams"": 300}, {""sku"": """", ""title"": ""Violet"", ""price"": ""86.95"", ""compare_at_price"": null, ""available"": false, ""weight_grams"": 300}, {""sku"": """", ""title"": ""White"", ""price"": ""86.95"", ""compare_at_price"": null, ""available"": false, ""weight_grams"": 300}, {""sku"": """", ""title"": ""Plum Red"", ""price"": ""86.95"", ""compare_at_price"": null, ""available"": false, ""weight_grams"": 300}]"
8864238731482,LEO/LESLIE,leo,https://www.svakom.com/products/leo,Sensations,"__hidden, hidden, Hidden recommendation, Hidden upsell recommendation, Hide, hiden",,,media/leo/leo_1.png|media/leo/leo_2.jpg|media/leo/leo_3.jpg|media/leo/leo_4.jpg|media/leo/leo_5.jpg|media/leo/leo_6.jpg|media/leo/leo_7.jpg,https://cdn.shopify.com/s/files/1/0659/3334/4986/files/leslie.png|https://cdn.shopify.com/s/files/1/0659/3334/4986/files/DSC_2278.jpg|https://cdn.shopify.com/s/files/1/0659/3334/4986/files/22.jpg|https://cdn.shopify.com/s/files/1/0659/3334/4986/files/47.jpg|https://cdn.shopify.com/s/files/1/0659/3334/4986/files/31.jpg|https://cdn.shopify.com/s/files/1/0659/3334/4986/files/DSC_2156.jpg|https://cdn.shopify.com/s/files/1/0659/3334/4986/files/DSC_2209.jpg,7,1,,86.95,86.95,"[{""sku"": """", ""title"": ""Default Title"", ""price"": ""86.95"", ""compare_at_price"": null, ""available"": false, ""weight_grams"": 175}]"
8864227852506,JUDY,judy,https://www.svakom.com/products/judy,Sensations,"__hidden, hidden, Hidden recommendation, Hidden upsell recommendation, Hide, hiden",,,media/judy/judy_1.jpg|media/judy/judy_2.jpg|media/judy/judy_3.jpg|media/judy/judy_4.jpg,https://cdn.shopify.com/s/files/1/0659/3334/4986/files/DSC06253.jpg|https://cdn.shopify.com/s/files/1/0659/3334/4986/files/DSC06260.jpg|https://cdn.shopify.com/s/files/1/0659/3334/4986/files/DSC06257.jpg|https://cdn.shopify.com/s/files/1/0659/3334/4986/files/DSC06256.jpg,4,1,,78.95,78.95,"[{""sku"": """", ""title"": ""Default Title"", ""price"": ""78.95"", ""compare_at_price"": null, ""available"": false, ""weight_grams"": 72}]"
8864224477402,DAISY,daisy,https://www.svakom.com/products/daisy,Sensations,"__hidden, hidden, Hidden recommendation, Hidden upsell recommendation, Hide, hiden",,,media/daisy/6959633184868_1.jpg|media/daisy/6959633184868_2.jpg|media/daisy/6959633184868_3.jpg|media/daisy/6959633184868_4.jpg|media/daisy/6959633184868_5.jpg,https://cdn.shopify.com/s/files/1/0659/3334/4986/files/4_2.jpg|https://cdn.shopify.com/s/files/1/0659/3334/4986/files/6_fac753c6-f252-49f3-b37f-89658d7a57a8.jpg|https://cdn.shopify.com/s/files/1/0659/3334/4986/files/1_2.jpg|https://cdn.shopify.com/s/files/1/0659/3334/4986/files/7_1.jpg|https://cdn.shopify.com/s/files/1/0659/3334/4986/files/5_6f31c8c4-7487-47ee-bbbe-22ba49cf2dfc.jpg,5,1,6959633184868,43.95,43.95,"[{""sku"": ""6959633184868"", ""title"": ""Default Title"", ""price"": ""43.95"", ""compare_at_price"": null, ""available"": false, ""weight_grams"": 40}]"
8864220840154,CANDY,candy,https://www.svakom.com/products/candy,Sensations,"__hidden, hidden, Hidden recommendation, Hidden upsell recommendation, Hide, hiden",,,media/candy/candy_1.jpg|media/candy/candy_2.jpg|media/candy/candy_3.jpg|media/candy/candy_4.jpg,https://cdn.shopify.com/s/files/1/0659/3334/4986/files/S4-paleblue.jpg|https://cdn.shopify.com/s/files/1/0659/3334/4986/files/DSC00086_1.jpg|https://cdn.shopify.com/s/files/1/0659/3334/4986/files/DSC00100.jpg|https://cdn.shopify.com/s/files/1/0659/3334/4986/files/DSC00095.jpg,4,1,,69.95,69.95,"[{""sku"": """", ""title"": ""Default Title"", ""price"": ""69.95"", ""compare_at_price"": null, ""available"": false, ""weight_grams"": 124}]"
8864194494682,BONNIE,bonnie,https://www.svakom.com/products/bonnie,Sensations,"__hidden, hi, hidden, Hidden recommendation, Hidden upsell recommendation, Hide, hiden",,,media/bonnie/6959633185865_1.jpg|media/bonnie/6959633185865_2.jpg|media/bonnie/6959633185865_3.jpg|media/bonnie/6959633185865_4.png,https://cdn.shopify.com/s/files/1/0659/3334/4986/files/3_abc532da-0b59-40ab-8c85-6dae576f0242.jpg|https://cdn.shopify.com/s/files/1/0659/3334/4986/files/1_1.jpg|https://cdn.shopify.com/s/files/1/0659/3334/4986/files/4_1_9551a7b2-08b2-4fbe-8616-4954b18336c1.jpg|https://cdn.shopify.com/s/files/1/0659/3334/4986/files/Bonnie4.png,4,1,6959633185865,69.95,69.95,"[{""sku"": ""6959633185865"", ""title"": ""Default Title"", ""price"": ""69.95"", ""compare_at_price"": null, ""available"": false, ""weight_grams"": 445}]"
8864186761434,BETTY,betty,https://www.svakom.com/products/betty,Sensations,"__hidden, hidden, Hidden recommendation, Hidden upsell recommendation",,,media/betty/712322234673_1.jpg|media/betty/712322234673_2.jpg|media/betty/712322234673_3.jpg|media/betty/712322234673_4.jpg|media/betty/712322234673_5.jpg,https://cdn.shopify.com/s/files/1/0659/3334/4986/files/21_1.jpg|https://cdn.shopify.com/s/files/1/0659/3334/4986/files/DSC_2300.jpg|https://cdn.shopify.com/s/files/1/0659/3334/4986/files/2_1.jpg|https://cdn.shopify.com/s/files/1/0659/3334/4986/files/1_e41e083f-c569-41ba-8947-a0db1b60812d.jpg|https://cdn.shopify.com/s/files/1/0659/3334/4986/files/DSC_2131.jpg,5,1,712322234673,69.95,69.95,"[{""sku"": ""712322234673"", ""title"": ""Default Title"", ""price"": ""69.95"", ""compare_at_price"": null, ""available"": false, ""weight_grams"": 136}]"
8864182501594,BELLA/BESS,bella-bess,https://www.svakom.com/products/bella-bess,Sensations,"__hidden, hidden, Hidden recommendation, Hidden upsell recommendation, Hide, hiden",,,media/bella-bess/bella-bess_1.jpg|media/bella-bess/bella-bess_2.jpg|media/bella-bess/bella-bess_3.jpg|media/bella-bess/bella-bess_4.jpg|media/bella-bess/bella-bess_5.jpg,https://cdn.shopify.com/s/files/1/0659/3334/4986/files/CaptureOne00819_66dabed1-427e-48a3-aa37-d130d56bfcb6.jpg|https://cdn.shopify.com/s/files/1/0659/3334/4986/files/DSC06247_299cd418-8043-4493-868f-9fa1361c4063.jpg|https://cdn.shopify.com/s/files/1/0659/3334/4986/files/DSC06243_e1a2efec-4b68-4dba-958a-cc2630daf311.jpg|https://cdn.shopify.com/s/files/1/0659/3334/4986/files/Capture-One-00794.jpg|https://cdn.shopify.com/s/files/1/0659/3334/4986/files/Capture-One-00812.jpg,5,1,,30.95,30.95,"[{""sku"": """", ""title"": ""Default Title"", ""price"": ""30.95"", ""compare_at_price"": null, ""available"": false, ""weight_grams"": 90}]"
8859673788634,BARBARA,barbara,https://www.svakom.com/products/barbara,Sensations,"hidden, Hidden upsell recommendation, Hide",,,media/barbara/SUDV-02B_1.jpg|media/barbara/SUDV-02B_2.jpg|media/barbara/SUDV-02B_3.jpg|media/barbara/SUDV-02B_4.jpg,https://cdn.shopify.com/s/files/1/0659/3334/4986/files/21.jpg|https://cdn.shopify.com/s/files/1/0659/3334/4986/files/DSC_2289.jpg|https://cdn.shopify.com/s/files/1/0659/3334/4986/files/DSC_1993.jpg|https://cdn.shopify.com/s/files/1/0659/3334/4986/files/DSC_2132.jpg,4,1,SUDV-02B,86.95,86.95,"[{""sku"": ""SUDV-02B"", ""title"": ""Default Title"", ""price"": ""86.95"", ""compare_at_price"": null, ""available"": false, ""weight_grams"": 138}]"
8859639480538,ALEX,alex,https://www.svakom.com/products/alex,Sensations,"hidden, Hidden upsell recommendation",,,media/alex/S63_1.jpg|media/alex/S63_2.jpg|media/alex/S63_3.jpg|media/alex/S63_4.jpg,https://cdn.shopify.com/s/files/1/0659/3334/4986/files/ALEX_5.jpg|https://cdn.shopify.com/s/files/1/0659/3334/4986/files/ALEX_1.jpg|https://cdn.shopify.com/s/files/1/0659/3334/4986/files/ALEX_3.jpg|https://cdn.shopify.com/s/files/1/0659/3334/4986/files/ALEX_4.jpg,4,1,S63,95.95,95.95,"[{""sku"": ""S63"", ""title"": ""Black"", ""price"": ""95.95"", ""compare_at_price"": null, ""available"": false, ""weight_grams"": 1200}]"
8858039517402,UPGRADED COCO,upgraded-coco-svakom-cici,https://www.svakom.com/products/upgraded-coco-svakom-cici,Sensations,,"Discover SVAKOM upgraded version beginner vibrator from the beloved Coco.

Designed with a flexible, curved head, Upgraded Coco delivers pinpoint G-spot stimulation with enhanced intensity.

Its sleek, medical-grade silicone body is whisper-quiet, waterproof, and rechargeable, making it ideal for solo sessions or foreplay.

Upgraded Coco’s compact size hides a deeply satisfying motor with multiple vibration modes tailored to your mood.

Whether you're exploring new sensations or deepening pleasure, Upgraded Coco offers the perfect combination of elegance, precision, and power.

Take your pleasure further with upgraded version of Coco – where innovation meets intimate design, even at the same price of the former.","<p>Discover SVAKOM upgraded version beginner vibrator from the beloved Coco.</p>
<p>Designed with a flexible, curved head, Upgraded Coco delivers pinpoint G-spot stimulation with enhanced intensity.</p>
<p>Its sleek, medical-grade silicone body is whisper-quiet, waterproof, and rechargeable, making it ideal for solo sessions or foreplay.</p>
<p>Upgraded Coco’s compact size hides a deeply satisfying motor with multiple vibration modes tailored to your mood.</p>
<p>Whether you're exploring new sensations or deepening pleasure, Upgraded Coco offers the perfect combination of elegance, precision, and power.</p>
<p>Take your pleasure further with upgraded version of Coco – where innovation meets intimate design, even at the same price of the former.</p>",media/upgraded-coco-svakom-cici/SG-02B-VT_1.webp|media/upgraded-coco-svakom-cici/SG-02B-VT_2.jpg|media/upgraded-coco-svakom-cici/SG-02B-VT_3.jpg|media/upgraded-coco-svakom-cici/SG-02B-VT_4.webp|media/upgraded-coco-svakom-cici/SG-02B-VT_5.webp|media/upgraded-coco-svakom-cici/SG-02B-VT_6.webp|media/upgraded-coco-svakom-cici/SG-02B-VT_7.webp|media/upgraded-coco-svakom-cici/SG-02B-VT_8.webp|media/upgraded-coco-svakom-cici/SG-02B-VT_9.jpg|media/upgraded-coco-svakom-cici/SG-02B-VT_10.webp|media/upgraded-coco-svakom-cici/SG-02B-VT_11.webp,https://cdn.shopify.com/s/files/1/0659/3334/4986/files/cici_svakom_1_7075164e-0ef7-4758-b911-979499eec3da.webp|https://cdn.shopify.com/s/files/1/0659/3334/4986/files/1_71fd7097-acf9-439f-9563-00fe99339a1b.jpg|https://cdn.shopify.com/s/files/1/0659/3334/4986/files/2_64f88356-6bf6-4fc8-9634-a5cbb7fa6d66.jpg|https://cdn.shopify.com/s/files/1/0659/3334/4986/files/cici_svakom_6.webp|https://cdn.shopify.com/s/files/1/0659/3334/4986/files/cici_svakom_4.webp|https://cdn.shopify.com/s/files/1/0659/3334/4986/files/cici_svakom_2.webp|https://cdn.shopify.com/s/files/1/0659/3334/4986/files/cici_svakom_7.webp|https://cdn.shopify.com/s/files/1/0659/3334/4986/files/cici_svakom_3.webp|https://cdn.shopify.com/s/files/1/0659/3334/4986/files/coco_3.jpg|https://cdn.shopify.com/s/files/1/0659/3334/4986/files/cici_svakom_5.webp|https://cdn.shopify.com/s/files/1/0659/3334/4986/files/cici_svakom_8.webp,11,1,SG-02B-VT,52.95,52.95,"[{""sku"": ""SG-02B-VT"", ""title"": ""Violet"", ""price"": ""52.95"", ""compare_at_price"": ""60.95"", ""available"": true, ""weight_grams"": 60}]"
8849607065818,SVAKOM PRIDE FAN,pride-fan,https://www.svakom.com/products/pride-fan,Accessories,"Accessories, All Products",,,media/pride-fan/SFAN01_1.png|media/pride-fan/SFAN01_2.jpg|media/pride-fan/SFAN01_3.jpg|media/pride-fan/SFAN01_4.jpg|media/pride-fan/SFAN01_5.jpg|media/pride-fan/SFAN01_6.jpg|media/pride-fan/SFAN01_7.jpg,https://cdn.shopify.com/s/files/1/0659/3334/4986/files/6e5931702473bf6d28928d8827067c65.png|https://cdn.shopify.com/s/files/1/0659/3334/4986/files/fan2.jpg|https://cdn.shopify.com/s/files/1/0659/3334/4986/files/fan_size.jpg|https://cdn.shopify.com/s/files/1/0659/3334/4986/files/fan6.jpg|https://cdn.shopify.com/s/files/1/0659/3334/4986/files/fan4.jpg|https://cdn.shopify.com/s/files/1/0659/3334/4986/files/fan5.jpg|https://cdn.shopify.com/s/files/1/0659/3334/4986/files/fan1.jpg,7,1,SFAN01,8.95,8.95,"[{""sku"": ""SFAN01"", ""title"": ""Default Title"", ""price"": ""8.95"", ""compare_at_price"": ""14.95"", ""available"": true, ""weight_grams"": 53}]"
8846762934490,SVAKOM STORAGE BAG,toy-storage-bag,https://www.svakom.com/products/toy-storage-bag,Accessories,"Accessories, All Products","Keep your pleasures private and your toys protected with SVAKOM’s sleek vegan leather storage bag. With a smooth zip closure and easy-carry handle, it’s perfect for stashing your favorite toys, cables, and accessories—whether at home or on the go. Stylish, secure, and designed to keep your essentials safe (and your secrets even safer).","<p><span style=""font-family: -apple-system, BlinkMacSystemFont, 'San Francisco', 'Segoe UI', Roboto, 'Helvetica Neue', sans-serif; font-size: 0.875rem;"">Keep your pleasures private and your toys protected with SVAKOM’s sleek vegan leather storage bag. With a smooth zip closure and easy-carry handle, it’s perfect for stashing your favorite toys, cables, and accessories—whether at home or on the go. Stylish, secure, and designed to keep your essentials safe (and your secrets even safer).</span></p>",media/toy-storage-bag/SB01_1.png|media/toy-storage-bag/SB01_2.png|media/toy-storage-bag/SB01_3.png|media/toy-storage-bag/SB01_4.png|media/toy-storage-bag/SB01_5.jpg|media/toy-storage-bag/SB01_6.jpg|media/toy-storage-bag/SB01_7.jpg|media/toy-storage-bag/SB01_8.jpg,https://cdn.shopify.com/s/files/1/0659/3334/4986/files/196d1adcad5af2fa6b36643ecb8febc4.png|https://cdn.shopify.com/s/files/1/0659/3334/4986/files/makeupbag_e566f1d1-6dcf-4aac-9356-595e27a2525b.png|https://cdn.shopify.com/s/files/1/0659/3334/4986/files/bcc364c9c6a0e68a9370a321f733ee5f_6f1125a5-5659-4742-bac4-1fa814a39f9b.png|https://cdn.shopify.com/s/files/1/0659/3334/4986/files/makeupbag.png|https://cdn.shopify.com/s/files/1/0659/3334/4986/files/storage_bag2.jpg|https://cdn.shopify.com/s/files/1/0659/3334/4986/files/storage_bag1.jpg|https://cdn.shopify.com/s/files/1/0659/3334/4986/files/storage_bad4.jpg|https://cdn.shopify.com/s/files/1/0659/3334/4986/files/storage_bag3.jpg,8,1,SB01,11.95,11.95,"[{""sku"": ""SB01"", ""title"": ""Default Title"", ""price"": ""11.95"", ""compare_at_price"": ""17.95"", ""available"": true, ""weight_grams"": 111}]"
8820665680090,SVAKOM PEN,pen,https://www.svakom.com/products/pen,Accessories,"Accessories, All Products, nosearch","For strokes as smooth as your fantasies.

Crafted with the same attention to detail and pleasure as our toys, the SVAKOM Pen is a sleek, heavyweight ballpoint designed for everyday use—at work, home, or wherever inspiration strikes.

Its smooth premium finish offers a comfortable grip, while the minimalist silhouette brings sophistication. Whether you're signing something official or scribbling something secret, this pen delivers precision, durability, and a smooth finish every time.

Because even your stationery deserves a little luxury.","<p class="""" data-end=""790"" data-start=""229""><strong data-end=""273"" data-start=""229"">For strokes as smooth as your fantasies.</strong></p>
<p class="""" data-end=""790"" data-start=""229"">Crafted with the same attention to detail and pleasure as our toys, the SVAKOM Pen is a sleek, heavyweight ballpoint designed for everyday use—at work, home, or wherever inspiration strikes. </p>
<p class="""" data-end=""790"" data-start=""229"">Its smooth premium finish offers a comfortable grip, while the minimalist silhouette brings sophistication. <meta charset=""utf-8"">Whether you're signing something official or scribbling something secret, this pen delivers precision, durability, and a smooth finish every time.</p>
<p class="""" data-end=""790"" data-start=""229""> <meta charset=""utf-8"">Because even your stationery deserves a little luxury.</p>",media/pen/SPP-01-GY_1.webp|media/pen/SPP-01-GY_2.gif|media/pen/SPP-01-GY_3.png|media/pen/SPP-01-GY_4.jpg|media/pen/SPP-01-GY_5.jpg|media/pen/SPP-01-GY_6.jpg,https://cdn.shopify.com/s/files/1/0659/3334/4986/files/ballpoint_pen_carousel_photo.webp|https://cdn.shopify.com/s/files/1/0659/3334/4986/files/185c018a958a0ddfd9aeada3c7740b50.gif|https://cdn.shopify.com/s/files/1/0659/3334/4986/files/4543beaf2c8f6ef40120d3da73096792.png|https://cdn.shopify.com/s/files/1/0659/3334/4986/files/DSC03542.jpg|https://cdn.shopify.com/s/files/1/0659/3334/4986/files/pen_2.jpg|https://cdn.shopify.com/s/files/1/0659/3334/4986/files/DSC03550.jpg,6,1,SPP-01-GY,5.95,5.95,"[{""sku"": ""SPP-01-GY"", ""title"": ""Default Title"", ""price"": ""5.95"", ""compare_at_price"": ""8.95"", ""available"": false, ""weight_grams"": 26}]"
8741850677466,VICK NEO 2,vick-neo-2,https://www.svakom.com/products/vick-neo-2,Prostate Massagers,"All Products, Anal Toys, anal vibrators, app-controlled sex toys, app-controlled sex toys video, APP-controlled Toys, Apps Controlled Toys, beginner's sex toys, bluetooth control, bluetooth vibrator, Connexion Series, Couples, gay sex toys, heating, interactive sex toys, Interactive Toys, male, Male Sex Toys, new, Newest, Perineum Toys, perineum vibrators, prostate vibrators, Remote Controlled Toys, remote-controlled, remote-controlled sex toys, sex toy, sex toys, Sex Toys for Couples, Valentines Day, vibrator, vibrators, video interactive sex toys, webcam interactive sex toys","Precision That Responds Instantly

Vick Neo 2 was designed for users who want faster response and tighter control over stimulation intensity. It improves upon the Neo system with stronger motor feedback and more accurate rhythm transitions. The result is a device that feels more responsive to subtle changes in setting, creating a smoother and more controlled experience.

It is built for users who prefer structured stimulation rather than unpredictable variation.

Frequently Asked Questions

What is SVAKOM Vick Neo 2?
Vick Neo 2 is an upgraded vibration-based masturbator with improved responsiveness and control.

What makes Neo 2 different?
It offers faster response and smoother intensity transitions.

Is it powerful?
Yes. It supports high-intensity stimulation modes.

Can I adjust the settings?
Yes. It includes multiple vibration patterns and levels.

Is it suitable for beginners?
Yes. It includes simple preset modes.","<h2 data-section-id=""g52rva"" data-start=""3864"" data-end=""3900"" class=""PDq2pG_selectionAnchorContainer"">Precision That Responds Instantly<span aria-hidden=""true"" class=""PDq2pG_selectionAnchor""></span>
</h2>
<p data-start=""3902"" data-end=""4239"">Vick Neo 2 was designed for users who want faster response and tighter control over stimulation intensity. It improves upon the Neo system with stronger motor feedback and more accurate rhythm transitions. The result is a device that feels more responsive to subtle changes in setting, creating a smoother and more controlled experience.</p>
<p data-start=""4241"" data-end=""4333"">It is built for users who prefer structured stimulation rather than unpredictable variation.</p>
<hr data-start=""4335"" data-end=""4338"">
<h2 data-section-id=""1r8frcv"" data-start=""4340"" data-end=""4369"">Frequently Asked Questions</h2>
<p data-start=""4371"" data-end=""4499""><strong data-start=""4371"" data-end=""4401"">What is SVAKOM Vick Neo 2?</strong><br data-start=""4401"" data-end=""4404"">Vick Neo 2 is an upgraded vibration-based masturbator with improved responsiveness and control.</p>
<p data-start=""4501"" data-end=""4596""><strong data-start=""4501"" data-end=""4532"">What makes Neo 2 different?</strong><br data-start=""4532"" data-end=""4535"">It offers faster response and smoother intensity transitions.</p>
<p data-start=""4598"" data-end=""4670""><strong data-start=""4598"" data-end=""4617"">Is it powerful?</strong><br data-start=""4617"" data-end=""4620"">Yes. It supports high-intensity stimulation modes.</p>
<p data-start=""4672"" data-end=""4761""><strong data-start=""4672"" data-end=""4702"">Can I adjust the settings?</strong><br data-start=""4702"" data-end=""4705"">Yes. It includes multiple vibration patterns and levels.</p>
<p data-start=""4763"" data-end=""4836""><strong data-start=""4763"" data-end=""4796"">Is it suitable for beginners?</strong><br data-start=""4796"" data-end=""4799"">Yes. It includes simple preset modes.</p>",media/vick-neo-2/SPM03E_1.webp|media/vick-neo-2/SPM03E_2.webp|media/vick-neo-2/SPM03E_3.webp|media/vick-neo-2/SPM03E_4.webp|media/vick-neo-2/SPM03E_5.webp|media/vick-neo-2/SPM03E_6.webp|media/vick-neo-2/SPM03E_7.webp|media/vick-neo-2/SPM03E_8.webp|media/vick-neo-2/SPM03E_9.webp|media/vick-neo-2/SPM03E_10.webp,https://cdn.shopify.com/s/files/1/0659/3334/4986/files/Vick_Neo_2_svakom_1.webp|https://cdn.shopify.com/s/files/1/0659/3334/4986/files/vick_neo2_gif.webp|https://cdn.shopify.com/s/files/1/0659/3334/4986/files/Vick_Neo_2_svakom_2.webp|https://cdn.shopify.com/s/files/1/0659/3334/4986/files/Vick_Neo_2_svakom_3.webp|https://cdn.shopify.com/s/files/1/0659/3334/4986/files/Vick_Neo_2_svakom_4.webp|https://cdn.shopify.com/s/files/1/0659/3334/4986/files/Vick_Neo_2_svakom_5.webp|https://cdn.shopify.com/s/files/1/0659/3334/4986/files/Vick_Neo_2_svakom_6.webp|https://cdn.shopify.com/s/files/1/0659/3334/4986/files/Vick_Neo_2_svakom_7.webp|https://cdn.shopify.com/s/files/1/0659/3334/4986/files/Vick-Neo-2.webp|https://cdn.shopify.com/s/files/1/0659/3334/4986/files/Vick_Neo_2_svakom_8.webp,10,1,SPM03E,66.95,66.95,"[{""sku"": ""SPM03E"", ""title"": ""Navy Blue"", ""price"": ""66.95"", ""compare_at_price"": ""78.95"", ""available"": true, ""weight_grams"": 93}]"
8741897142490,IKER NEO,iker-neo,https://www.svakom.com/products/iker-neo,Prostate Massagers,"All Products, Anal Toys, anal vibrators, app-controlled sex toys, app-controlled sex toys video, APP-controlled Toys, Apps Controlled Toys, bluetooth control, bluetooth vibrator, gay sex toys, interactive sex toys, Interactive Toys, male, Male Sex Toys, new, Newest, Perineum Toys, perineum vibrators, prostate vibrators, sex toy, sex toys, Valentines Day, Verishop, vibrator, vibrators, video interactive sex toys, webcam interactive sex toys","Smart Control, Smarter Sensation

Iker Neo was built for users who want more control over how pleasure feels and evolves. With app-enabled interaction and adjustable stimulation patterns, it transforms a simple experience into something more dynamic and responsive. Whether used solo or remotely, it allows you to shape every detail of the rhythm.

Frequently Asked Questions

What is SVAKOM Iker Neo?
SVAKOM Iker Neo is an app-connected stimulation device that allows customizable and interactive control.

Does Iker Neo support app control?
Yes. It can be controlled through a dedicated app for more personalized experiences.

Can Iker Neo be used long-distance?
Yes. It supports remote interaction through the app system.

What can I customize?
You can adjust intensity, rhythm, and vibration patterns.

Is Iker Neo beginner-friendly?
Yes. It offers both preset modes and customizable options for different experience levels.

Is Iker Neo waterproof?
Yes. It is water-resistant and easy to clean.","<h2 data-section-id=""1xdmodr"" data-start=""2504"" data-end=""2539"" class=""PDq2pG_selectionAnchorContainer"">Smart Control, Smarter Sensation<span aria-hidden=""true"" class=""PDq2pG_selectionAnchor""></span>
</h2>
<p data-start=""2541"" data-end=""2854"">Iker Neo was built for users who want more control over how pleasure feels and evolves. With app-enabled interaction and adjustable stimulation patterns, it transforms a simple experience into something more dynamic and responsive. Whether used solo or remotely, it allows you to shape every detail of the rhythm.</p>
<hr data-start=""2856"" data-end=""2859"">
<h2 data-section-id=""1r8frcv"" data-start=""2861"" data-end=""2890"">Frequently Asked Questions</h2>
<p data-start=""2892"" data-end=""3027""><strong data-start=""2892"" data-end=""2920"">What is SVAKOM Iker Neo?</strong><br data-start=""2920"" data-end=""2923"">SVAKOM Iker Neo is an app-connected stimulation device that allows customizable and interactive control.</p>
<p data-start=""3029"" data-end=""3154""><strong data-start=""3029"" data-end=""3067"">Does Iker Neo support app control?</strong><br data-start=""3067"" data-end=""3070"">Yes. It can be controlled through a dedicated app for more personalized experiences.</p>
<p data-start=""3156"" data-end=""3257""><strong data-start=""3156"" data-end=""3195"">Can Iker Neo be used long-distance?</strong><br data-start=""3195"" data-end=""3198"">Yes. It supports remote interaction through the app system.</p>
<p data-start=""3259"" data-end=""3344""><strong data-start=""3259"" data-end=""3284"">What can I customize?</strong><br data-start=""3284"" data-end=""3287"">You can adjust intensity, rhythm, and vibration patterns.</p>
<p data-start=""3346"" data-end=""3473""><strong data-start=""3346"" data-end=""3380"">Is Iker Neo beginner-friendly?</strong><br data-start=""3380"" data-end=""3383"">Yes. It offers both preset modes and customizable options for different experience levels.</p>
<p data-start=""3475"" data-end=""3550""><strong data-start=""3475"" data-end=""3502"">Is Iker Neo waterproof?</strong><br data-start=""3502"" data-end=""3505"">Yes. It is water-resistant and easy to clean.</p>",media/iker-neo/SG574A_1.webp|media/iker-neo/SG574A_2.webp|media/iker-neo/SG574A_3.webp|media/iker-neo/SG574A_4.webp|media/iker-neo/SG574A_5.webp|media/iker-neo/SG574A_6.webp|media/iker-neo/SG574A_7.webp|media/iker-neo/SG574A_8.webp|media/iker-neo/SG574A_9.webp|media/iker-neo/SG574A_10.webp,https://cdn.shopify.com/s/files/1/0659/3334/4986/files/Iker_Neo_svakom_1.webp|https://cdn.shopify.com/s/files/1/0659/3334/4986/files/iker_neo_gif.webp|https://cdn.shopify.com/s/files/1/0659/3334/4986/files/Iker_Neo_svakom_2.webp|https://cdn.shopify.com/s/files/1/0659/3334/4986/files/Iker_Neo_svakom_3.webp|https://cdn.shopify.com/s/files/1/0659/3334/4986/files/Iker_Neo_svakom_4.webp|https://cdn.shopify.com/s/files/1/0659/3334/4986/files/Iker_Neo_svakom_5.webp|https://cdn.shopify.com/s/files/1/0659/3334/4986/files/Iker_Neo_svakom_6.webp|https://cdn.shopify.com/s/files/1/0659/3334/4986/files/Iker_Neo_svakom_7.webp|https://cdn.shopify.com/s/files/1/0659/3334/4986/files/Iker-Neo.webp|https://cdn.shopify.com/s/files/1/0659/3334/4986/files/Iker_Neo_svakom_8.webp,10,1,SG574A,86.95,86.95,"[{""sku"": ""SG574A"", ""title"": ""Navy Blue"", ""price"": ""86.95"", ""compare_at_price"": null, ""available"": true, ""weight_grams"": 135}]"
8789077393626,ADONIS,heating-rabbit-vibrator,https://www.svakom.com/products/heating-rabbit-vibrator,Sensations,"__hidden, hidden, Hidden recommendation, Hidden upsell recommendation, Hide, hiden",,,media/heating-rabbit-vibrator/SLDV-03-VT_1.webp|media/heating-rabbit-vibrator/SLDV-03-VT_2.jpg|media/heating-rabbit-vibrator/SLDV-03-VT_3.jpg|media/heating-rabbit-vibrator/SLDV-03-VT_4.jpg|media/heating-rabbit-vibrator/SLDV-03-VT_5.jpg|media/heating-rabbit-vibrator/SLDV-03-VT_6.jpg|media/heating-rabbit-vibrator/SLDV-03-VT_7.jpg,https://cdn.shopify.com/s/files/1/0659/3334/4986/files/Adonis_banner.webp|https://cdn.shopify.com/s/files/1/0659/3334/4986/files/20250213162441.jpg|https://cdn.shopify.com/s/files/1/0659/3334/4986/files/20250213162449.jpg|https://cdn.shopify.com/s/files/1/0659/3334/4986/files/20250213162504.jpg|https://cdn.shopify.com/s/files/1/0659/3334/4986/files/20250213162431.jpg|https://cdn.shopify.com/s/files/1/0659/3334/4986/files/20250213162425.jpg|https://cdn.shopify.com/s/files/1/0659/3334/4986/files/20250213162429.jpg,7,1,SLDV-03-VT,95.95,95.95,"[{""sku"": ""SLDV-03-VT"", ""title"": ""Violet"", ""price"": ""95.95"", ""compare_at_price"": null, ""available"": false, ""weight_grams"": 190}]"
8741691556058,ECHO 2,echo-2-finger-vibrator,https://www.svakom.com/products/echo-2-finger-vibrator,Clitoral Vibrators,"All Products, app-controlled sex toys, APP-controlled Toys, Apps Controlled Toys, Beginner, beginner's sex toys, bluetooth control, bluetooth vibrator, clitoral vibrators, Couples, female sex toys, female toys, Foreplay Toys, foreplay vibrators, gender neutral, heating, lesbian sex toys, panty vibrator, sex toys, Sex Toys for Couples, Valentines Day, vibrators","Your Touch, Amplified

Sometimes the smallest movements create the biggest reactions.

Echo 2 transforms your finger into something even more exciting. Lightweight, flexible, and designed to move naturally with your hand, it enhances every touch with targeted vibration, gentle warmth, and a removable textured finger sleeve.

Whether you're exploring solo, building anticipation with a partner, or looking for something more interactive than a traditional vibrator, Echo 2 keeps pleasure exactly where your fingertips are.

Natural to wear.

Impossible to ignore.

Frequently Asked Questions

What is SVAKOM Echo 2?

SVAKOM Echo 2 is an app-controlled finger vibrator designed to enhance touch with vibration, warmth, and a removable textured sleeve. It fits comfortably on your finger for intuitive control.

What makes Echo 2 different from traditional vibrators?

Echo 2 is worn on your finger, allowing stimulation to feel more natural and interactive. It enhances touch rather than replacing it.

Does Echo 2 have a heating function?

Yes. Echo 2 features an independent warming function that reaches approximately 38°C for added comfort and sensation.

What is the removable sleeve for?

The textured sleeve adds additional sensation and allows Echo 2 to sit securely on your finger during use.

Is Echo 2 app controlled?

Yes. Echo 2 connects to the SVAKOM App for custom patterns, remote interaction, and personalized settings.

Is Echo 2 suitable for couples?

Absolutely. Its wearable design makes it particularly useful during partnered play and foreplay.

Is Echo 2 waterproof?

Yes. Echo 2 is rated IPX7 waterproof.

Why do people love Echo 2?

Many users enjoy Echo 2 because it feels like an extension of their own touch rather than a separate device.","<h2>Your Touch, Amplified</h2>
<p>Sometimes the smallest movements create the biggest reactions.</p>
<p>Echo 2 transforms your finger into something even more exciting. Lightweight, flexible, and designed to move naturally with your hand, it enhances every touch with targeted vibration, gentle warmth, and a removable textured finger sleeve.</p>
<p>Whether you're exploring solo, building anticipation with a partner, or looking for something more interactive than a traditional vibrator, Echo 2 keeps pleasure exactly where your fingertips are.</p>
<p>Natural to wear.</p>
<p>Impossible to ignore.</p>
<hr>
<h2>Frequently Asked Questions</h2>
<h3>What is SVAKOM Echo 2?</h3>
<p>SVAKOM Echo 2 is an app-controlled finger vibrator designed to enhance touch with vibration, warmth, and a removable textured sleeve. It fits comfortably on your finger for intuitive control.</p>
<h3>What makes Echo 2 different from traditional vibrators?</h3>
<p>Echo 2 is worn on your finger, allowing stimulation to feel more natural and interactive. It enhances touch rather than replacing it.</p>
<h3>Does Echo 2 have a heating function?</h3>
<p>Yes. Echo 2 features an independent warming function that reaches approximately 38°C for added comfort and sensation.</p>
<h3>What is the removable sleeve for?</h3>
<p>The textured sleeve adds additional sensation and allows Echo 2 to sit securely on your finger during use.</p>
<h3>Is Echo 2 app controlled?</h3>
<p>Yes. Echo 2 connects to the SVAKOM App for custom patterns, remote interaction, and personalized settings.</p>
<h3>Is Echo 2 suitable for couples?</h3>
<p>Absolutely. Its wearable design makes it particularly useful during partnered play and foreplay.</p>
<h3>Is Echo 2 waterproof?</h3>
<p>Yes. Echo 2 is rated IPX7 waterproof.</p>
<h3>Why do people love Echo 2?</h3>
<p>Many users enjoy Echo 2 because it feels like an extension of their own touch rather than a separate device.</p>",media/echo-2-finger-vibrator/SC511B-SB_1.webp|media/echo-2-finger-vibrator/SC511B-SB_2.gif|media/echo-2-finger-vibrator/SC511B-SB_3.webp|media/echo-2-finger-vibrator/SC511B-SB_4.webp|media/echo-2-finger-vibrator/SC511B-SB_5.webp|media/echo-2-finger-vibrator/SC511B-SB_6.webp|media/echo-2-finger-vibrator/SC511B-SB_7.webp|media/echo-2-finger-vibrator/SC511B-SB_8.webp|media/echo-2-finger-vibrator/SC511B-SB_9.webp|media/echo-2-finger-vibrator/SC511B-SB_10.webp|media/echo-2-finger-vibrator/SC511B-SB_11.webp|media/echo-2-finger-vibrator/SC511B-SB_12.webp|media/echo-2-finger-vibrator/SC511B-SB_13.webp,https://cdn.shopify.com/s/files/1/0659/3334/4986/files/Echo2_svakom_1.webp|https://cdn.shopify.com/s/files/1/0659/3334/4986/files/5f4cae9314a853cd9c8ecfdf9ad0bac8.gif|https://cdn.shopify.com/s/files/1/0659/3334/4986/files/Echo2_svakom_2.webp|https://cdn.shopify.com/s/files/1/0659/3334/4986/files/Echo2_svakom_3.webp|https://cdn.shopify.com/s/files/1/0659/3334/4986/files/Echo2_svakom_4.webp|https://cdn.shopify.com/s/files/1/0659/3334/4986/files/Echo2_svakom_5.webp|https://cdn.shopify.com/s/files/1/0659/3334/4986/files/Echo2_svakom_6.webp|https://cdn.shopify.com/s/files/1/0659/3334/4986/files/Echo2_svakom_7.webp|https://cdn.shopify.com/s/files/1/0659/3334/4986/files/Echo2_svakom_8.webp|https://cdn.shopify.com/s/files/1/0659/3334/4986/files/Echo2_svakom_9.webp|https://cdn.shopify.com/s/files/1/0659/3334/4986/files/Echo2_svakom_11.webp|https://cdn.shopify.com/s/files/1/0659/3334/4986/files/Echo_2.webp|https://cdn.shopify.com/s/files/1/0659/3334/4986/files/Echo2_svakom_10.webp,13,2,SC511B-SB|SC511B-PL,58.95,58.95,"[{""sku"": ""SC511B-SB"", ""title"": ""Sky Blue"", ""price"": ""58.95"", ""compare_at_price"": ""65.95"", ""available"": true, ""weight_grams"": 200}, {""sku"": ""SC511B-PL"", ""title"": ""Pink Lilac"", ""price"": ""58.95"", ""compare_at_price"": ""65.95"", ""available"": true, ""weight_grams"": 200}]"
7736481939674,ALEX NEO,male-simulator-masturbator-alex-neo,https://www.svakom.com/products/male-simulator-masturbator-alex-neo,Sensations,"Disable SATCB, hidden, Hidden recommendation, Hidden upsell recommendation",,<!---->,media/male-simulator-masturbator-alex-neo/6959633111253_1.png|media/male-simulator-masturbator-alex-neo/6959633111253_2.gif|media/male-simulator-masturbator-alex-neo/6959633111253_3.png|media/male-simulator-masturbator-alex-neo/6959633111253_4.png|media/male-simulator-masturbator-alex-neo/6959633111253_5.png,https://cdn.shopify.com/s/files/1/0659/3334/4986/files/ALEX-NEO_34591a74-2b8e-4d02-9fc1-b0d5486190a1.png|https://cdn.shopify.com/s/files/1/0659/3334/4986/files/ALEX-NEO-Svakom-136014489.gif|https://cdn.shopify.com/s/files/1/0659/3334/4986/files/ALEX-NEO-Svakom-136014559.png|https://cdn.shopify.com/s/files/1/0659/3334/4986/files/ALEX-NEO-Svakom-136014662.png|https://cdn.shopify.com/s/files/1/0659/3334/4986/files/ALEX-NEO-Svakom-136014737.png,5,1,6959633111253,157.95,157.95,"[{""sku"": ""6959633111253"", ""title"": ""Dark Blue"", ""price"": ""157.95"", ""compare_at_price"": null, ""available"": false, ""weight_grams"": 1760}]"
8681450111194,MINI EMMA NEO,mini-emma-neo-interactive-compact-wand-vibrator-massager,https://www.svakom.com/products/mini-emma-neo-interactive-compact-wand-vibrator-massager,Clitoral Vibrators,"All Products, app-controlled sex toys, APP-controlled Toys, Apps Controlled Toys, beginner's sex toys, bluetooth control, bluetooth vibrator, clitoral vibrators, female sex toys, female toys, Foreplay Toys, foreplay vibrators, gender neutral, heating, interactive sex toys, Interactive Toys, lesbian sex toys, sex toys, Sex Toys for Couples, Valentines Day, vibrators, video interactive sex toys, wand vibrators, webcam interactive sex toys","Small Wand. Serious Power.

Sometimes less really is more.

Mini Emma Neo takes the deep, satisfying vibrations people love about wand massagers and puts them into a lightweight, travel-friendly design. Small enough to pack almost anywhere, powerful enough to become your go-to favorite.

Whether you're relaxing at home or traveling, Mini Emma Neo delivers impressive performance without taking up space.

Compact outside.

Powerful inside.

Frequently Asked Questions

What is SVAKOM Mini Emma Neo?

Mini Emma Neo is a compact app-compatible wand vibrator designed to deliver powerful external stimulation in a portable format.

What makes Mini Emma Neo different from larger wand vibrators?

Mini Emma Neo offers wand-style power in a smaller, lighter, and more travel-friendly design.

Is Mini Emma Neo suitable for travel?

Yes. Its compact size and lightweight construction make it ideal for travel and storage.

How powerful is Mini Emma Neo?

Mini Emma Neo delivers strong vibrations through a compact motor system with multiple intensity levels.

How many vibration settings does Mini Emma Neo have?

Mini Emma Neo offers 5 vibration modes, an intelligent rhythm mode, and 10 intensity levels.

Is Mini Emma Neo waterproof?

Yes. Mini Emma Neo is IPX7 waterproof.

What is the battery life?

Mini Emma Neo provides up to approximately 2 hours of use after a full charge.

Is Mini Emma Neo beginner-friendly?

Yes. Its simple controls and adjustable intensities make it suitable for a wide range of users.

Does Mini Emma Neo connect to the SVAKOM App?

Yes. App connectivity unlocks additional customization and interactive features.

Why do people love Mini Emma Neo?

Many users appreciate its balance of portability, power, and convenience.","<h2>Small Wand. Serious Power.</h2>
<p>Sometimes less really is more.</p>
<p>Mini Emma Neo takes the deep, satisfying vibrations people love about wand massagers and puts them into a lightweight, travel-friendly design. Small enough to pack almost anywhere, powerful enough to become your go-to favorite.</p>
<p>Whether you're relaxing at home or traveling, Mini Emma Neo delivers impressive performance without taking up space.</p>
<p>Compact outside.</p>
<p>Powerful inside.</p>
<hr>
<h2>Frequently Asked Questions</h2>
<h3>What is SVAKOM Mini Emma Neo?</h3>
<p>Mini Emma Neo is a compact app-compatible wand vibrator designed to deliver powerful external stimulation in a portable format.</p>
<h3>What makes Mini Emma Neo different from larger wand vibrators?</h3>
<p>Mini Emma Neo offers wand-style power in a smaller, lighter, and more travel-friendly design.</p>
<h3>Is Mini Emma Neo suitable for travel?</h3>
<p>Yes. Its compact size and lightweight construction make it ideal for travel and storage.</p>
<h3>How powerful is Mini Emma Neo?</h3>
<p>Mini Emma Neo delivers strong vibrations through a compact motor system with multiple intensity levels.</p>
<h3>How many vibration settings does Mini Emma Neo have?</h3>
<p>Mini Emma Neo offers 5 vibration modes, an intelligent rhythm mode, and 10 intensity levels.</p>
<h3>Is Mini Emma Neo waterproof?</h3>
<p>Yes. Mini Emma Neo is IPX7 waterproof.</p>
<h3>What is the battery life?</h3>
<p>Mini Emma Neo provides up to approximately 2 hours of use after a full charge.</p>
<h3>Is Mini Emma Neo beginner-friendly?</h3>
<p>Yes. Its simple controls and adjustable intensities make it suitable for a wide range of users.</p>
<h3>Does Mini Emma Neo connect to the SVAKOM App?</h3>
<p>Yes. App connectivity unlocks additional customization and interactive features.</p>
<h3>Why do people love Mini Emma Neo?</h3>
<p>Many users appreciate its balance of portability, power, and convenience.</p>
<!---->",media/mini-emma-neo-interactive-compact-wand-vibrator-massager/SA299C_1.webp|media/mini-emma-neo-interactive-compact-wand-vibrator-massager/SA299C_2.webp|media/mini-emma-neo-interactive-compact-wand-vibrator-massager/SA299C_3.webp|media/mini-emma-neo-interactive-compact-wand-vibrator-massager/SA299C_4.webp|media/mini-emma-neo-interactive-compact-wand-vibrator-massager/SA299C_5.webp|media/mini-emma-neo-interactive-compact-wand-vibrator-massager/SA299C_6.webp|media/mini-emma-neo-interactive-compact-wand-vibrator-massager/SA299C_7.webp|media/mini-emma-neo-interactive-compact-wand-vibrator-massager/SA299C_8.webp|media/mini-emma-neo-interactive-compact-wand-vibrator-massager/SA299C_9.webp|media/mini-emma-neo-interactive-compact-wand-vibrator-massager/SA299C_10.webp|media/mini-emma-neo-interactive-compact-wand-vibrator-massager/SA299C_11.webp|media/mini-emma-neo-interactive-compact-wand-vibrator-massager/SA299C_12.webp,https://cdn.shopify.com/s/files/1/0659/3334/4986/files/Mini_Emma_Neo_svakom_1.webp|https://cdn.shopify.com/s/files/1/0659/3334/4986/files/mini_emma_neo_a1cf9af4-5e8c-4112-a36c-cc89b9894cf8.webp|https://cdn.shopify.com/s/files/1/0659/3334/4986/files/Mini_Emma_Neo_svakom_2.webp|https://cdn.shopify.com/s/files/1/0659/3334/4986/files/Mini_Emma_Neo_svakom_3.webp|https://cdn.shopify.com/s/files/1/0659/3334/4986/files/Mini_Emma_Neo_svakom_4.webp|https://cdn.shopify.com/s/files/1/0659/3334/4986/files/Mini_Emma_Neo_svakom_5.webp|https://cdn.shopify.com/s/files/1/0659/3334/4986/files/Mini_Emma_Neo_svakom_6.webp|https://cdn.shopify.com/s/files/1/0659/3334/4986/files/Mini_Emma_Neo_svakom_7.webp|https://cdn.shopify.com/s/files/1/0659/3334/4986/files/Mini_Emma_Neo_svakom_9.webp|https://cdn.shopify.com/s/files/1/0659/3334/4986/files/Mini_Emma_Neo_svakom_10.webp|https://cdn.shopify.com/s/files/1/0659/3334/4986/files/Mini_Emma_Neo.webp|https://cdn.shopify.com/s/files/1/0659/3334/4986/files/Mini_Emma_Neo_svakom_8.webp,12,1,SA299C,69.95,69.95,"[{""sku"": ""SA299C"", ""title"": ""Romantic Rose"", ""price"": ""69.95"", ""compare_at_price"": null, ""available"": true, ""weight_grams"": 907}]"
8613163991258,EMMA NEO 2,emma-neo-2-interactive-wand-vibrator-massager,https://www.svakom.com/products/emma-neo-2-interactive-wand-vibrator-massager,Clitoral Vibrators,"All Products, beginner's sex toys, bluetooth control, bluetooth vibrator, clitoral vibrators, Couples, female sex toys, female toys, Foreplay Toys, foreplay vibrators, gender neutral, heating, interactive sex toys, Interactive Toys, lesbian sex toys, sex toys, Sex Toys for Couples, Valentines Day, vibrators, video interactive sex toys, wand vibrators, webcam interactive sex toys","Is SVAKOM Emma Neo 2 a powerful wand vibrator?

Yes, SVAKOM Emma Neo 2 is a powerful wand vibrator designed for deep, rumbling stimulation. It delivers strong yet quiet vibrations that target external areas effectively, making it suitable for users who want both intensity and comfort in one device.

What makes SVAKOM Emma Neo 2 different from other wand vibrators?

SVAKOM Emma Neo 2 stands out with its heating function, app control, and interactive features. It combines deep vibration, customizable modes, and optional attachments to create a more versatile and personalized experience compared to standard wand massagers.

Does SVAKOM Emma Neo 2 have a heating function?

Yes, SVAKOM Emma Neo 2 includes a warming feature up to 38°C. This helps enhance comfort and create a more natural, relaxing sensation, especially during longer sessions or when combined with vibration modes.

Can you control SVAKOM Emma Neo 2 with an app?

Yes, SVAKOM Emma Neo 2 supports app control. You can customize vibration patterns, sync with media, or allow a partner to control the device remotely, adding more flexibility and interactive experiences.

Is SVAKOM Emma Neo 2 good for beginners?

Yes, SVAKOM Emma Neo 2 can be beginner-friendly despite its power. It offers multiple vibration levels and modes, allowing users to start with lower intensity and gradually increase as they become more comfortable.

What is the rabbit attachment on SVAKOM Emma Neo 2 used for?

The removable rabbit attachment is designed to provide additional targeted stimulation. It allows more precise contact with sensitive external areas, adding variety and enhancing overall experience.

Is SVAKOM Emma Neo 2 waterproof and easy to clean?

Yes, SVAKOM Emma Neo 2 is waterproof, making it easy to clean and suitable for use in the shower or bath. Simply rinse with warm water and use a mild cleaner if needed.

How strong are the vibration modes on SVAKOM Emma Neo 2?

SVAKOM Emma Neo 2 features multiple vibration modes and intensity levels. Users can switch from gentle stimulation to stronger, deeper vibrations, making it suitable for a wide range of preferences.

Is SVAKOM Emma Neo 2 quiet during use?

Yes, SVAKOM Emma Neo 2 is designed with a quiet motor. Even at higher intensities, it maintains relatively low noise, allowing for more discreet use.","<h3 data-section-id=""1dclrdy"" data-start=""284"" data-end=""340""><strong data-start=""288"" data-end=""338"">Is SVAKOM Emma Neo 2 a powerful wand vibrator?</strong></h3>
<p data-start=""341"" data-end=""592"">Yes, SVAKOM Emma Neo 2 is a powerful wand vibrator designed for deep, rumbling stimulation. It delivers strong yet quiet vibrations that target external areas effectively, making it suitable for users who want both intensity and comfort in one device.</p>
<hr data-start=""594"" data-end=""597"">
<h3 data-section-id=""15o43tu"" data-start=""599"" data-end=""674""><strong data-start=""603"" data-end=""672"">What makes SVAKOM Emma Neo 2 different from other wand vibrators?</strong></h3>
<p data-start=""675"" data-end=""934"">SVAKOM Emma Neo 2 stands out with its heating function, app control, and interactive features. It combines deep vibration, customizable modes, and optional attachments to create a more versatile and personalized experience compared to standard wand massagers.</p>
<hr data-start=""936"" data-end=""939"">
<h3 data-section-id=""9scvru"" data-start=""941"" data-end=""998""><strong data-start=""945"" data-end=""996"">Does SVAKOM Emma Neo 2 have a heating function?</strong></h3>
<p data-start=""999"" data-end=""1207"">Yes, SVAKOM Emma Neo 2 includes a warming feature up to 38°C. This helps enhance comfort and create a more natural, relaxing sensation, especially during longer sessions or when combined with vibration modes.</p>
<hr data-start=""1209"" data-end=""1212"">
<h3 data-section-id=""9hr3xe"" data-start=""1214"" data-end=""1270""><strong data-start=""1218"" data-end=""1268"">Can you control SVAKOM Emma Neo 2 with an app?</strong></h3>
<p data-start=""1271"" data-end=""1474"">Yes, SVAKOM Emma Neo 2 supports app control. You can customize vibration patterns, sync with media, or allow a partner to control the device remotely, adding more flexibility and interactive experiences.</p>
<hr data-start=""1476"" data-end=""1479"">
<h3 data-section-id=""1xwfrxl"" data-start=""1481"" data-end=""1531""><strong data-start=""1485"" data-end=""1529"">Is SVAKOM Emma Neo 2 good for beginners?</strong></h3>
<p data-start=""1532"" data-end=""1746"">Yes, SVAKOM Emma Neo 2 can be beginner-friendly despite its power. It offers multiple vibration levels and modes, allowing users to start with lower intensity and gradually increase as they become more comfortable.</p>
<hr data-start=""1748"" data-end=""1751"">
<h3 data-section-id=""1hjvyat"" data-start=""1753"" data-end=""1823""><strong data-start=""1757"" data-end=""1821"">What is the rabbit attachment on SVAKOM Emma Neo 2 used for?</strong></h3>
<p data-start=""1824"" data-end=""2022"">The removable rabbit attachment is designed to provide additional targeted stimulation. It allows more precise contact with sensitive external areas, adding variety and enhancing overall experience.</p>
<hr data-start=""2024"" data-end=""2027"">
<h3 data-section-id=""169rjh2"" data-start=""2029"" data-end=""2089""><strong data-start=""2033"" data-end=""2087"">Is SVAKOM Emma Neo 2 waterproof and easy to clean?</strong></h3>
<p data-start=""2090"" data-end=""2258"">Yes, SVAKOM Emma Neo 2 is waterproof, making it easy to clean and suitable for use in the shower or bath. Simply rinse with warm water and use a mild cleaner if needed.</p>
<hr data-start=""2260"" data-end=""2263"">
<h3 data-section-id=""l2wq3t"" data-start=""2265"" data-end=""2331""><strong data-start=""2269"" data-end=""2329"">How strong are the vibration modes on SVAKOM Emma Neo 2?</strong></h3>
<p data-start=""2332"" data-end=""2530"">SVAKOM Emma Neo 2 features multiple vibration modes and intensity levels. Users can switch from gentle stimulation to stronger, deeper vibrations, making it suitable for a wide range of preferences.</p>
<hr data-start=""2532"" data-end=""2535"">
<h3 data-section-id=""1im7h1c"" data-start=""2537"" data-end=""2585""><strong data-start=""2541"" data-end=""2583"">Is SVAKOM Emma Neo 2 quiet during use?</strong></h3>
<p data-start=""2586"" data-end=""2735"">Yes, SVAKOM Emma Neo 2 is designed with a quiet motor. Even at higher intensities, it maintains relatively low noise, allowing for more discreet use.</p>
<!---->",media/emma-neo-2-interactive-wand-vibrator-massager/SA299A_1.webp|media/emma-neo-2-interactive-wand-vibrator-massager/SA299A_2.webp|media/emma-neo-2-interactive-wand-vibrator-massager/SA299A_3.webp|media/emma-neo-2-interactive-wand-vibrator-massager/SA299A_4.webp|media/emma-neo-2-interactive-wand-vibrator-massager/SA299A_5.webp|media/emma-neo-2-interactive-wand-vibrator-massager/SA299A_6.webp|media/emma-neo-2-interactive-wand-vibrator-massager/SA299A_7.webp|media/emma-neo-2-interactive-wand-vibrator-massager/SA299A_8.webp|media/emma-neo-2-interactive-wand-vibrator-massager/SA299A_9.webp|media/emma-neo-2-interactive-wand-vibrator-massager/SA299A_10.webp|media/emma-neo-2-interactive-wand-vibrator-massager/SA299A_11.webp|media/emma-neo-2-interactive-wand-vibrator-massager/SA299A_12.webp|media/emma-neo-2-interactive-wand-vibrator-massager/SA299A_13.webp,https://cdn.shopify.com/s/files/1/0659/3334/4986/files/Emma_Neo_2_svakom_1.webp|https://cdn.shopify.com/s/files/1/0659/3334/4986/files/emma_neo_2_6f706f62-3cc2-4fa8-98af-07ef6fb26dd0.webp|https://cdn.shopify.com/s/files/1/0659/3334/4986/files/Emma_Neo_2_svakom_2.webp|https://cdn.shopify.com/s/files/1/0659/3334/4986/files/Emma_Neo_2_svakom_3.webp|https://cdn.shopify.com/s/files/1/0659/3334/4986/files/Emma_Neo_2_svakom_4.webp|https://cdn.shopify.com/s/files/1/0659/3334/4986/files/Emma_Neo_2_svakom_5.webp|https://cdn.shopify.com/s/files/1/0659/3334/4986/files/Emma_Neo_2_svakom_11.webp|https://cdn.shopify.com/s/files/1/0659/3334/4986/files/Emma_Neo_2_svakom_6.webp|https://cdn.shopify.com/s/files/1/0659/3334/4986/files/Emma_Neo_2_svakom_7.webp|https://cdn.shopify.com/s/files/1/0659/3334/4986/files/Emma_Neo_2_svakom_8.webp|https://cdn.shopify.com/s/files/1/0659/3334/4986/files/Emma_Neo_2_svakom_9.webp|https://cdn.shopify.com/s/files/1/0659/3334/4986/files/Emma_Neo_2.webp|https://cdn.shopify.com/s/files/1/0659/3334/4986/files/Emma_Neo_2_svakom_10.webp,13,1,SA299A,104.95,104.95,"[{""sku"": ""SA299A"", ""title"": ""Romantic Rose"", ""price"": ""104.95"", ""compare_at_price"": null, ""available"": true, ""weight_grams"": 907}]"
8629322612954,CICI+ 2,cici-plus-2,https://www.svakom.com/products/cici-plus-2,G-Spot Vibrators,"All Products, app-controlled sex toys, APP-controlled Toys, Beginner, beginner's sex toys, bluetooth control, bluetooth vibrator, female sex toys, female toys, heating, lesbian sex toys, rabbit, Rabbit Vibrators, sex toys, Valentines Day, Verishop, vibrators","A Familiar Start, Refined Even Further

Cici+ 2 was designed as a more refined evolution of an easy-first pleasure experience. It keeps the gentle, approachable nature of the original while introducing smoother control, improved responsiveness, and a more polished sensation profile. Built for comfort and simplicity, it allows users to explore pleasure in a way that feels natural, unforced, and easy to return to.

Frequently Asked Questions

What is SVAKOM Cici+ 2?
SVAKOM Cici+ 2 is an upgraded beginner-friendly vibrator with improved vibration control and smoother performance.

What’s different from Cici?
It offers enhanced vibration stability, better responsiveness, and a more refined feel.

Is it still beginner-friendly?
Yes. It is designed to remain simple while offering more depth.

Can intensity be adjusted?
Yes. It features multiple vibration modes and levels.

Is it quiet?
Yes. It is designed for low-noise operation.

Is it waterproof?
Yes. It is waterproof and easy to clean.","<h2 data-section-id=""14ets2g"" data-start=""205"" data-end=""246"" class=""PDq2pG_selectionAnchorContainer"">A Familiar Start, Refined Even Further<span aria-hidden=""true"" class=""PDq2pG_selectionAnchor""></span>
</h2>
<p data-start=""248"" data-end=""623"">Cici+ 2 was designed as a more refined evolution of an easy-first pleasure experience. It keeps the gentle, approachable nature of the original while introducing smoother control, improved responsiveness, and a more polished sensation profile. Built for comfort and simplicity, it allows users to explore pleasure in a way that feels natural, unforced, and easy to return to.</p>
<hr data-start=""625"" data-end=""628"">
<h2 data-section-id=""1r8frcv"" data-start=""630"" data-end=""659"">Frequently Asked Questions</h2>
<p data-start=""661"" data-end=""805""><strong data-start=""661"" data-end=""688"">What is SVAKOM Cici+ 2?</strong><br data-start=""688"" data-end=""691"">SVAKOM Cici+ 2 is an upgraded beginner-friendly vibrator with improved vibration control and smoother performance.</p>
<p data-start=""807"" data-end=""928""><strong data-start=""807"" data-end=""838"">What’s different from Cici?</strong><br data-start=""838"" data-end=""841"">It offers enhanced vibration stability, better responsiveness, and a more refined feel.</p>
<p data-start=""930"" data-end=""1030""><strong data-start=""930"" data-end=""964"">Is it still beginner-friendly?</strong><br data-start=""964"" data-end=""967"">Yes. It is designed to remain simple while offering more depth.</p>
<p data-start=""1032"" data-end=""1118""><strong data-start=""1032"" data-end=""1062"">Can intensity be adjusted?</strong><br data-start=""1062"" data-end=""1065"">Yes. It features multiple vibration modes and levels.</p>
<p data-start=""1120"" data-end=""1183""><strong data-start=""1120"" data-end=""1136"">Is it quiet?</strong><br data-start=""1136"" data-end=""1139"">Yes. It is designed for low-noise operation.</p>
<p data-start=""1185"" data-end=""1249""><strong data-start=""1185"" data-end=""1206"">Is it waterproof?</strong><br data-start=""1206"" data-end=""1209"">Yes. It is waterproof and easy to clean.</p>
<!---->",media/cici-plus-2/SA373B_1.webp|media/cici-plus-2/SA373B_2.webp|media/cici-plus-2/SA373B_3.webp|media/cici-plus-2/SA373B_4.webp|media/cici-plus-2/SA373B_5.webp|media/cici-plus-2/SA373B_6.webp|media/cici-plus-2/SA373B_7.webp|media/cici-plus-2/SA373B_8.webp|media/cici-plus-2/SA373B_9.webp|media/cici-plus-2/SA373B_10.webp,https://cdn.shopify.com/s/files/1/0659/3334/4986/files/Cici_2_svakom_1.webp|https://cdn.shopify.com/s/files/1/0659/3334/4986/files/CICI_-2.webp|https://cdn.shopify.com/s/files/1/0659/3334/4986/files/Cici_2_svakom_2.webp|https://cdn.shopify.com/s/files/1/0659/3334/4986/files/Cici_2_svakom_3.webp|https://cdn.shopify.com/s/files/1/0659/3334/4986/files/Cici_2_svakom_4.webp|https://cdn.shopify.com/s/files/1/0659/3334/4986/files/Cici_2_svakom_5.webp|https://cdn.shopify.com/s/files/1/0659/3334/4986/files/Cici_2_svakom_6.webp|https://cdn.shopify.com/s/files/1/0659/3334/4986/files/Cici_2_svakom_7.webp|https://cdn.shopify.com/s/files/1/0659/3334/4986/files/Cici_2_ab111660-8975-41ba-acdd-4d2af9093460.webp|https://cdn.shopify.com/s/files/1/0659/3334/4986/files/Cici_2_svakom_8.webp,10,1,SA373B,78.95,78.95,"[{""sku"": ""SA373B"", ""title"": ""Pastel Lilac"", ""price"": ""78.95"", ""compare_at_price"": null, ""available"": true, ""weight_grams"": 340}]"
8037738479834,SELF-LOVE KIT,self-love-kit,https://www.svakom.com/products/self-love-kit,Accessories,"Accessories, All Products, Disable SATCB",,<!---->,media/self-love-kit/self-love-kit_1.webp|media/self-love-kit/self-love-kit_2.webp|media/self-love-kit/self-love-kit_3.webp|media/self-love-kit/self-love-kit_4.jpg|media/self-love-kit/self-love-kit_5.jpg|media/self-love-kit/self-love-kit_6.jpg|media/self-love-kit/self-love-kit_7.jpg|media/self-love-kit/self-love-kit_8.png|media/self-love-kit/self-love-kit_9.png|media/self-love-kit/self-love-kit_10.png,https://cdn.shopify.com/s/files/1/0659/3334/4986/files/self-love_kit_carousel_photo.webp|https://cdn.shopify.com/s/files/1/0659/3334/4986/files/self-love_kit_carousel_photo_svakom.webp|https://cdn.shopify.com/s/files/1/0659/3334/4986/files/self-love_kit_carousel_photo_svakom_2.webp|https://cdn.shopify.com/s/files/1/0659/3334/4986/files/self_love_kit_4_svakom.jpg|https://cdn.shopify.com/s/files/1/0659/3334/4986/files/self_love_kit_2_svakom.jpg|https://cdn.shopify.com/s/files/1/0659/3334/4986/files/self_love_kit_3_svakom.jpg|https://cdn.shopify.com/s/files/1/0659/3334/4986/files/self_love_kit_1_svakom.jpg|https://cdn.shopify.com/s/files/1/0659/3334/4986/files/SELF-LOVE-KIT-Svakom-136040195.png|https://cdn.shopify.com/s/files/1/0659/3334/4986/files/SELF-LOVE-KIT-Svakom-136040044.png|https://cdn.shopify.com/s/files/1/0659/3334/4986/files/SELF-LOVE-KIT-Svakom-136040247.png,10,2,,17.95,17.95,"[{""sku"": """", ""title"": ""Violet"", ""price"": ""17.95"", ""compare_at_price"": ""24.95"", ""available"": true, ""weight_grams"": 0}, {""sku"": """", ""title"": ""Beige"", ""price"": ""17.95"", ""compare_at_price"": ""24.95"", ""available"": true, ""weight_grams"": 0}]"
7837903356122,SVAKOM USB-A TO MAGNETIC CHARGING CABLE,magnetic-cable,https://www.svakom.com/products/magnetic-cable,Accessories,"Accessories, All Products","Buy SVAKOM -Magnetic Charging Cable - Online shop.

Both of our magnetic cables are designed to work seamlessly with the products listed below. They offer a reliable connection and high performance, ensuring you get the best experience every time you use them.

While both cables are excellent choices, we recommend opting for the magnetic cable for its added convenience and ease of use. The magnetic connection allows for quick and easy attachment, reducing wear and tear on your device's ports and making it the preferred choice for most users.","<p>Buy SVAKOM -Magnetic Charging Cable - Online shop.</p>
<p>Both of our magnetic cables are designed to work seamlessly with the products listed below. They offer a reliable connection and high performance, ensuring you get the best experience every time you use them.</p>
<p>While both cables are excellent choices, we recommend opting for the magnetic cable for its added convenience and ease of use. The magnetic connection allows for quick and easy attachment, reducing wear and tear on your device's ports and making it the preferred choice for most users.</p>",media/magnetic-cable/6959633274839_1.webp|media/magnetic-cable/6959633274839_2.png|media/magnetic-cable/6959633274839_3.gif|media/magnetic-cable/6959633274839_4.gif,https://cdn.shopify.com/s/files/1/0659/3334/4986/files/magnetic_cable_svakom.webp|https://cdn.shopify.com/s/files/1/0659/3334/4986/files/CHARGE-CABLE---MAGNETIC-CABLE.png|https://cdn.shopify.com/s/files/1/0659/3334/4986/files/SVAKOM-Charger-USB-A-to-Magnetic-Charging-Cable-for-SVAKOM-Sex-Toys-Svakom-Store-271914920.gif|https://cdn.shopify.com/s/files/1/0659/3334/4986/files/SVAKOM-Charger-USB-A-to-Magnetic-Charging-Cable-for-SVAKOM-Sex-Toys-Svakom-Store-271915014.gif,4,1,6959633274839,17.95,17.95,"[{""sku"": ""6959633274839"", ""title"": ""Default Title"", ""price"": ""17.95"", ""compare_at_price"": null, ""available"": true, ""weight_grams"": 57}]"
8543879364826,SAM NEO 2,sucking-vibrating-masturbator,https://www.svakom.com/products/sucking-vibrating-masturbator,Vibrators,"All Products, app-controlled sex toys, beginner's sex toys, bluetooth control, bluetooth vibrator, Connexion Series, Male Sex Toys, masturbators, sex toys, svakom masturbator, Valentines Day, Verishop, video interactive sex toys, webcam interactive sex toys","Deeper Suction, Smoother Control

Sam Neo 2 builds on the original suction system with stronger airflow precision and enhanced vibration integration. It was designed to create a more layered stimulation experience where suction and vibration work together instead of separately. The upgraded internal channel structure improves responsiveness, allowing sensations to feel more continuous and controlled.

With improved motor calibration and smoother pressure transitions, Sam Neo 2 is built for users who want a more immersive and refined evolution of suction-based stimulation.

Frequently Asked Questions

What is SVAKOM Sam Neo 2?
Sam Neo 2 is an upgraded suction and vibration male masturbator with enhanced internal airflow control.

What’s new compared to Sam Neo?
It combines suction with vibration and improves pressure smoothness and consistency.

Can suction and vibration work together?
Yes. Both systems are designed to synchronize for layered stimulation.

Is it suitable for long sessions?
Yes. It includes modes designed for extended control.

Is it beginner-friendly?
Yes. It includes preset modes for easy starting.

How is it cleaned?
The sleeve is detachable and must be hand-washed after use.","<h2 data-section-id=""1s0ji81"" data-start=""1568"" data-end=""1603"" class=""PDq2pG_selectionAnchorContainer"">Deeper Suction, Smoother Control<span aria-hidden=""true"" class=""PDq2pG_selectionAnchor""></span>
</h2>
<p data-start=""1605"" data-end=""1974"">Sam Neo 2 builds on the original suction system with stronger airflow precision and enhanced vibration integration. It was designed to create a more layered stimulation experience where suction and vibration work together instead of separately. The upgraded internal channel structure improves responsiveness, allowing sensations to feel more continuous and controlled.</p>
<p data-start=""1976"" data-end=""2149"">With improved motor calibration and smoother pressure transitions, Sam Neo 2 is built for users who want a more immersive and refined evolution of suction-based stimulation.</p>
<hr data-start=""2151"" data-end=""2154"">
<h2 data-section-id=""1r8frcv"" data-start=""2156"" data-end=""2185"">Frequently Asked Questions</h2>
<p data-start=""2187"" data-end=""2322""><strong data-start=""2187"" data-end=""2216"">What is SVAKOM Sam Neo 2?</strong><br data-start=""2216"" data-end=""2219"">Sam Neo 2 is an upgraded suction and vibration male masturbator with enhanced internal airflow control.</p>
<p data-start=""2324"" data-end=""2446""><strong data-start=""2324"" data-end=""2359"">What’s new compared to Sam Neo?</strong><br data-start=""2359"" data-end=""2362"">It combines suction with vibration and improves pressure smoothness and consistency.</p>
<p data-start=""2448"" data-end=""2565""><strong data-start=""2448"" data-end=""2492"">Can suction and vibration work together?</strong><br data-start=""2492"" data-end=""2495"">Yes. Both systems are designed to synchronize for layered stimulation.</p>
<p data-start=""2567"" data-end=""2660""><strong data-start=""2567"" data-end=""2604"">Is it suitable for long sessions?</strong><br data-start=""2604"" data-end=""2607"">Yes. It includes modes designed for extended control.</p>
<p data-start=""2662"" data-end=""2741""><strong data-start=""2662"" data-end=""2690"">Is it beginner-friendly?</strong><br data-start=""2690"" data-end=""2693"">Yes. It includes preset modes for easy starting.</p>
<p data-start=""2743"" data-end=""2827""><strong data-start=""2743"" data-end=""2765"">How is it cleaned?</strong><br data-start=""2765"" data-end=""2768"">The sleeve is detachable and must be hand-washed after use.</p>
<!---->",media/sucking-vibrating-masturbator/S08P_1.webp|media/sucking-vibrating-masturbator/S08P_2.webp|media/sucking-vibrating-masturbator/S08P_3.webp|media/sucking-vibrating-masturbator/S08P_4.webp|media/sucking-vibrating-masturbator/S08P_5.webp|media/sucking-vibrating-masturbator/S08P_6.webp|media/sucking-vibrating-masturbator/S08P_7.webp|media/sucking-vibrating-masturbator/S08P_8.webp|media/sucking-vibrating-masturbator/S08P_9.webp|media/sucking-vibrating-masturbator/S08P_10.webp|media/sucking-vibrating-masturbator/S08P_11.webp,https://cdn.shopify.com/s/files/1/0659/3334/4986/files/Sam_Neo_2_svakom_1_3248057f-a7fe-4465-92b5-ee38b1079037.webp|https://cdn.shopify.com/s/files/1/0659/3334/4986/files/SAM-NEO-2-PRO-_gif.webp|https://cdn.shopify.com/s/files/1/0659/3334/4986/files/Sam_Neo_2_svakom_3.webp|https://cdn.shopify.com/s/files/1/0659/3334/4986/files/Sam_Neo_2_svakom_4.webp|https://cdn.shopify.com/s/files/1/0659/3334/4986/files/Sam_Neo_2_svakom_5.webp|https://cdn.shopify.com/s/files/1/0659/3334/4986/files/Sam_Neo_2_svakom_7.webp|https://cdn.shopify.com/s/files/1/0659/3334/4986/files/Sam_Neo_2_svakom_6.webp|https://cdn.shopify.com/s/files/1/0659/3334/4986/files/Sam_Neo_2_svakom_2.webp|https://cdn.shopify.com/s/files/1/0659/3334/4986/files/Sam_Neo_2_svakom_9.webp|https://cdn.shopify.com/s/files/1/0659/3334/4986/files/San_Neo_2.webp|https://cdn.shopify.com/s/files/1/0659/3334/4986/files/Sam_Neo_2_svakom_8.webp,11,1,S08P,111.95,111.95,"[{""sku"": ""S08P"", ""title"": ""Dark Blue"", ""price"": ""111.95"", ""compare_at_price"": ""130.95"", ""available"": true, ""weight_grams"": 1306}]"
8545191330010,SAM NEO 2 PRO,male-masturbator,https://www.svakom.com/products/male-masturbator,Vibrators,"All Products, app-controlled sex toys, Beginner, beginner's sex toys, Best Sellers, bluetooth control, bluetooth vibrator, heating, Male Sex Toys, masturbators, sex toys, svakom masturbator, Valentines Day, Verishop, video interactive sex toys, webcam interactive sex toys","Where Heat Meets Precision

Sam Neo 2 Pro was designed to deliver a more complete and immersive stimulation experience. By combining suction, vibration, and controlled heating, it creates a layered sensation that feels more dynamic and responsive. With app-based customization and multiple modes, it adapts to different moods, pacing, and preferences with ease.

Frequently Asked Questions

What is SVAKOM Sam Neo 2 Pro?
SVAKOM Sam Neo 2 Pro is an advanced male masturbator that combines suction, vibration, and heating technology.

Does Sam Neo 2 Pro heat up?
Yes. It features a heating function that maintains a comfortable body-like temperature.

What is the suction system like?
It provides adjustable suction levels designed for varied intensity preferences.

Can it be controlled via app?
Yes. It supports app-based control and customization.

What is Extended O mode?
It reduces stimulation intensity to help extend sessions and improve control.

Is it beginner-friendly?
Yes. Despite advanced features, it includes simple default modes.

How do I clean it?
The sleeve is removable and designed for easy cleaning after use.","<h2 data-section-id=""1b0zlf0"" data-start=""3577"" data-end=""3606"" class=""PDq2pG_selectionAnchorContainer"">Where Heat Meets Precision<span aria-hidden=""true"" class=""PDq2pG_selectionAnchor""></span>
</h2>
<p data-start=""3608"" data-end=""3941"">Sam Neo 2 Pro was designed to deliver a more complete and immersive stimulation experience. By combining suction, vibration, and controlled heating, it creates a layered sensation that feels more dynamic and responsive. With app-based customization and multiple modes, it adapts to different moods, pacing, and preferences with ease.</p>
<hr data-start=""3943"" data-end=""3946"">
<h2 data-section-id=""1r8frcv"" data-start=""3948"" data-end=""3977"">Frequently Asked Questions</h2>
<p data-start=""3979"" data-end=""4125""><strong data-start=""3979"" data-end=""4012"">What is SVAKOM Sam Neo 2 Pro?</strong><br data-start=""4012"" data-end=""4015"">SVAKOM Sam Neo 2 Pro is an advanced male masturbator that combines suction, vibration, and heating technology.</p>
<p data-start=""4127"" data-end=""4248""><strong data-start=""4127"" data-end=""4158"">Does Sam Neo 2 Pro heat up?</strong><br data-start=""4158"" data-end=""4161"">Yes. It features a heating function that maintains a comfortable body-like temperature.</p>
<p data-start=""4250"" data-end=""4369""><strong data-start=""4250"" data-end=""4286"">What is the suction system like?</strong><br data-start=""4286"" data-end=""4289"">It provides adjustable suction levels designed for varied intensity preferences.</p>
<p data-start=""4371"" data-end=""4460""><strong data-start=""4371"" data-end=""4404"">Can it be controlled via app?</strong><br data-start=""4404"" data-end=""4407"">Yes. It supports app-based control and customization.</p>
<p data-start=""4462"" data-end=""4570""><strong data-start=""4462"" data-end=""4490"">What is Extended O mode?</strong><br data-start=""4490"" data-end=""4493"">It reduces stimulation intensity to help extend sessions and improve control.</p>
<p data-start=""4572"" data-end=""4668""><strong data-start=""4572"" data-end=""4600"">Is it beginner-friendly?</strong><br data-start=""4600"" data-end=""4603"">Yes. Despite advanced features, it includes simple default modes.</p>
<p data-start=""4670"" data-end=""4760""><strong data-start=""4670"" data-end=""4692"">How do I clean it?</strong><br data-start=""4692"" data-end=""4695"">The sleeve is removable and designed for easy cleaning after use.</p>
<!---->",media/male-masturbator/S08Pro_1.webp|media/male-masturbator/S08Pro_2.webp|media/male-masturbator/S08Pro_3.webp|media/male-masturbator/S08Pro_4.webp|media/male-masturbator/S08Pro_5.webp|media/male-masturbator/S08Pro_6.webp|media/male-masturbator/S08Pro_7.webp|media/male-masturbator/S08Pro_8.webp|media/male-masturbator/S08Pro_9.webp|media/male-masturbator/S08Pro_10.webp|media/male-masturbator/S08Pro_11.webp,https://cdn.shopify.com/s/files/1/0659/3334/4986/files/Sam_Neo_2_Pro_svakom_1_e6893450-cc11-4800-8e2a-f7e1be4e7040.webp|https://cdn.shopify.com/s/files/1/0659/3334/4986/files/SAM-NEO-2-PRO-_gif.webp|https://cdn.shopify.com/s/files/1/0659/3334/4986/files/Sam_Neo_2_Pro_svakom.webp|https://cdn.shopify.com/s/files/1/0659/3334/4986/files/Sam_Neo_2_Pro_svakom_3.webp|https://cdn.shopify.com/s/files/1/0659/3334/4986/files/Sam_Neo_2_Pro_svakom_4.webp|https://cdn.shopify.com/s/files/1/0659/3334/4986/files/Sam_Neo_2_Pro_svakom_5.webp|https://cdn.shopify.com/s/files/1/0659/3334/4986/files/Sam_Neo_2_Pro_svakom_8.webp|https://cdn.shopify.com/s/files/1/0659/3334/4986/files/Sam_Neo_2_Pro_svakom_6.webp|https://cdn.shopify.com/s/files/1/0659/3334/4986/files/Sam_Neo_2_Pro_svakom_9.webp|https://cdn.shopify.com/s/files/1/0659/3334/4986/files/San_Neo_2_Pro.webp|https://cdn.shopify.com/s/files/1/0659/3334/4986/files/Sam_Neo_2_Pro_svakom_7.webp,11,1,S08Pro,118.95,118.95,"[{""sku"": ""S08Pro"", ""title"": ""Dark Blue"", ""price"": ""118.95"", ""compare_at_price"": ""139.95"", ""available"": true, ""weight_grams"": 1306}]"
8610486681818,SLEEVE - SAM SERIES/ SAM NEO/ SAM NEO 2,sleeve-sam-series,https://www.svakom.com/products/sleeve-sam-series,Accessories,"Accessories, All Products, Christmas, male, sleeve","Suction brought to new levels. Sam Neo's next level satisfaction comes from meticulous research and genuine craftsmanship, forged from ultra-soft TPE and made to please.","<p>Suction brought to new levels. Sam Neo's next level satisfaction comes from meticulous research and genuine craftsmanship, forged from ultra-soft TPE and made to please.  </p>",media/sleeve-sam-series/6959633157473-B_1.webp|media/sleeve-sam-series/6959633157473-B_2.jpg|media/sleeve-sam-series/6959633157473-B_3.jpg|media/sleeve-sam-series/6959633157473-B_4.jpg,https://cdn.shopify.com/s/files/1/0659/3334/4986/files/sam_series_sleeve_carousel_photo.webp|https://cdn.shopify.com/s/files/1/0659/3334/4986/files/SLEEVE-SAM-NEO-2-Svakom-Store-260368836.jpg|https://cdn.shopify.com/s/files/1/0659/3334/4986/files/SLEEVE-SAM-NEO-2-Svakom-Store-260368998.jpg|https://cdn.shopify.com/s/files/1/0659/3334/4986/files/SLEEVE-SAM-NEO-2-Svakom-Store-260369017.jpg,4,1,6959633157473-B,26.95,26.95,"[{""sku"": ""6959633157473-B"", ""title"": ""White"", ""price"": ""26.95"", ""compare_at_price"": ""30.95"", ""available"": true, ""weight_grams"": 312}]"
8160912572634,SVAKOM Real Leather BDSM,real-leather-bdsm,https://www.svakom.com/products/real-leather-bdsm,Gift,bdsm,"Gladiators exude power and dominance on the field of battle – but even the most courageous bows to someone. Branded to their cause they enact righteous justice on those who would dare defy their ruler. A submissive to their king, queen, or general. Step forward and kneel down to demonstrate your dedication to your master, your bond.

Show them you are theirs to give command as you don the Coleur D’or adjustable collar, featuring gold-plated stainless-steel rings, buckles, and accompanying chain leash. Made with authentic cow-leather, submission is comfortable in the ways you need it to be.

Play to your hearts content. Coleur D’or guarantees a high-quality experience with products perfect for turning your wildest fantasies into a reality.

This core piece in making a Gladiator is a must have as part of the full Coleur D’or brief-case set; check here","<p data-mce-fragment=""1"">Gladiators exude power and dominance on the field of battle – but even the most courageous bows to someone. Branded to their cause they enact righteous justice on those who would dare defy their ruler. A submissive to their king, queen, or general. Step forward and kneel down to demonstrate your dedication to your master, your bond.</p>
<p data-mce-fragment=""1"">Show them you are theirs to give command as you don the Coleur D’or adjustable collar, featuring gold-plated stainless-steel rings, buckles, and accompanying chain leash. Made with authentic cow-leather, submission is comfortable in the ways you need it to be.</p>
<p data-mce-fragment=""1"">Play to your hearts content. Coleur D’or guarantees a high-quality experience with products perfect for turning your wildest fantasies into a reality.</p>
<p data-mce-fragment=""1"">This core piece in making a Gladiator is a must have as part of the full Coleur D’or brief-case set; check here</p>",media/real-leather-bdsm/BDSM-Random_1.jpg|media/real-leather-bdsm/BDSM-Random_2.webp|media/real-leather-bdsm/BDSM-Random_3.webp|media/real-leather-bdsm/BDSM-Random_4.jpg|media/real-leather-bdsm/BDSM-Random_5.jpg|media/real-leather-bdsm/BDSM-Random_6.webp|media/real-leather-bdsm/BDSM-Random_7.webp|media/real-leather-bdsm/BDSM-Random_8.jpg,https://cdn.shopify.com/s/files/1/0659/3334/4986/files/20241206165549.jpg|https://cdn.shopify.com/s/files/1/0659/3334/4986/files/SVAKOM-Real-Leather-BDSM-Svakom-136043893.webp|https://cdn.shopify.com/s/files/1/0659/3334/4986/files/SVAKOM-Real-Leather-BDSM-Svakom-136044281.webp|https://cdn.shopify.com/s/files/1/0659/3334/4986/files/SVAKOM-Real-Leather-BDSM-Svakom-136043954.jpg|https://cdn.shopify.com/s/files/1/0659/3334/4986/files/SVAKOM-Real-Leather-BDSM-Svakom-136044029.jpg|https://cdn.shopify.com/s/files/1/0659/3334/4986/files/SVAKOM-Real-Leather-BDSM-Svakom-136044165.webp|https://cdn.shopify.com/s/files/1/0659/3334/4986/files/SVAKOM-Real-Leather-BDSM-Svakom-136044378.webp|https://cdn.shopify.com/s/files/1/0659/3334/4986/files/SVAKOM-Real-Leather-BDSM-Svakom-260367252.jpg,8,5,BDSM-Random|R1106|R1102,12.95,183.95,"[{""sku"": ""BDSM-Random"", ""title"": ""Random Gift"", ""price"": ""17.95"", ""compare_at_price"": ""86.95"", ""available"": false, ""weight_grams"": 0}, {""sku"": ""R1106"", ""title"": ""Jute Rope"", ""price"": ""12.95"", ""compare_at_price"": ""86.95"", ""available"": false, ""weight_grams"": 0}, {""sku"": ""R1102"", ""title"": ""Leather Cuffs"", ""price"": ""34.95"", ""compare_at_price"": ""86.95"", ""available"": false, ""weight_grams"": 0}, {""sku"": """", ""title"": ""Leather Blindfold"", ""price"": ""25.95"", ""compare_at_price"": ""86.95"", ""available"": false, ""weight_grams"": 0}, {""sku"": """", ""title"": ""Briet Case"", ""price"": ""183.95"", ""compare_at_price"": ""183.95"", ""available"": false, ""weight_grams"": 0}]"
7853008650458,SIIME EYE,siime-eye,https://www.svakom.com/products/siime-eye,Sensations,"awards, Disable SATCB, UNSOLD",,,media/siime-eye/SEVW-01-PNK_1.jpg|media/siime-eye/SEVW-01-PNK_2.jpg|media/siime-eye/SEVW-01-PNK_3.jpg|media/siime-eye/SEVW-01-PNK_4.jpg|media/siime-eye/SEVW-01-PNK_5.jpg,https://cdn.shopify.com/s/files/1/0659/3334/4986/files/SIIME-EYE-Svakom-Store-136030795.jpg|https://cdn.shopify.com/s/files/1/0659/3334/4986/files/SIIME-EYE-Svakom-Store-136030911.jpg|https://cdn.shopify.com/s/files/1/0659/3334/4986/files/SIIME-EYE-Svakom-Store-136031019.jpg|https://cdn.shopify.com/s/files/1/0659/3334/4986/files/SIIME-EYE-Svakom-Store-136031241.jpg|https://cdn.shopify.com/s/files/1/0659/3334/4986/files/SIIME-EYE-Svakom-Store-136031387.jpg,5,1,SEVW-01-PNK,95.95,95.95,"[{""sku"": ""SEVW-01-PNK"", ""title"": ""Pale Pink"", ""price"": ""95.95"", ""compare_at_price"": ""113.95"", ""available"": false, ""weight_grams"": 680}]"
7864523096282,KERI,keri,https://www.svakom.com/products/keri,Sensations,"Disable SATCB, UNSOLD",,,media/keri/6959633100646_1.jpg|media/keri/6959633100646_2.jpg|media/keri/6959633100646_3.jpg|media/keri/6959633100646_4.jpg|media/keri/6959633100646_5.jpg|media/keri/6959633100646_6.jpg|media/keri/6959633100646_7.jpg,https://cdn.shopify.com/s/files/1/0659/3334/4986/files/KERI-Svakom-Store-136031655.jpg|https://cdn.shopify.com/s/files/1/0659/3334/4986/files/KERI-Svakom-Store-136031746.jpg|https://cdn.shopify.com/s/files/1/0659/3334/4986/files/KERI-Svakom-Store-136031953.jpg|https://cdn.shopify.com/s/files/1/0659/3334/4986/files/KERI-Svakom-Store-136032056.jpg|https://cdn.shopify.com/s/files/1/0659/3334/4986/files/KERI-Svakom-Store-136032139.jpg|https://cdn.shopify.com/s/files/1/0659/3334/4986/files/KERI-Svakom-Store-136032262.jpg|https://cdn.shopify.com/s/files/1/0659/3334/4986/files/KERI-Svakom-Store-136032475.jpg,7,1,6959633100646,60.95,60.95,"[{""sku"": ""6959633100646"", ""title"": ""Pale Pink"", ""price"": ""60.95"", ""compare_at_price"": null, ""available"": false, ""weight_grams"": 340}]"
8548866097370,JORDAN,jordan,https://www.svakom.com/products/jordan,Prostate Massagers,"All Products, Anal Toys, anal vibrators, app-controlled sex toys, Apps Controlled Toys, beginner's sex toys, bluetooth control, bluetooth vibrator, Couples, gay sex toys, gender neutral, jordan, lesbian sex toys, LGBT sex toys, Male Sex Toys, remote-controlled sex toys, sex toys, Sex Toys for Couples, thursting vibrators, Valentines Day, Verishop, vibrators","Designed for Rhythm You Can Feel

Jordan is created for users who prefer a more controlled and responsive stimulation experience. It focuses on delivering consistent rhythm and adjustable intensity, helping you stay in tune with your own pace. Compact and intuitive, it fits naturally into different moments without drawing attention to itself.

Frequently Asked Questions

What is SVAKOM Jordan?
SVAKOM Jordan is a vibration-based stimulation device designed to provide rhythmic and adjustable pleasure control.

What makes Jordan different?
It focuses on rhythm precision and smooth intensity transitions rather than fixed patterns.

Can Jordan be used discreetly?
Yes. Its compact form makes it easy to store and discreet to use.

Does Jordan have different settings?
Yes. It includes multiple vibration modes and intensity levels.

Is Jordan suitable for beginners?
Yes. It is simple to operate and easy to get used to.

Is Jordan waterproof?
Yes. It is designed to be water-resistant for easy cleaning.","<h2 data-section-id=""169pbcq"" data-start=""1428"" data-end=""1463"" class=""PDq2pG_selectionAnchorContainer"">Designed for Rhythm You Can Feel<span aria-hidden=""true"" class=""PDq2pG_selectionAnchor""></span>
</h2>
<p data-start=""1465"" data-end=""1775"">Jordan is created for users who prefer a more controlled and responsive stimulation experience. It focuses on delivering consistent rhythm and adjustable intensity, helping you stay in tune with your own pace. Compact and intuitive, it fits naturally into different moments without drawing attention to itself.</p>
<hr data-start=""1777"" data-end=""1780"">
<h2 data-section-id=""1r8frcv"" data-start=""1782"" data-end=""1811"">Frequently Asked Questions</h2>
<p data-start=""1813"" data-end=""1957""><strong data-start=""1813"" data-end=""1839"">What is SVAKOM Jordan?</strong><br data-start=""1839"" data-end=""1842"">SVAKOM Jordan is a vibration-based stimulation device designed to provide rhythmic and adjustable pleasure control.</p>
<p data-start=""1959"" data-end=""2085""><strong data-start=""1959"" data-end=""1991"">What makes Jordan different?</strong><br data-start=""1991"" data-end=""1994"">It focuses on rhythm precision and smooth intensity transitions rather than fixed patterns.</p>
<p data-start=""2087"" data-end=""2189""><strong data-start=""2087"" data-end=""2121"">Can Jordan be used discreetly?</strong><br data-start=""2121"" data-end=""2124"">Yes. Its compact form makes it easy to store and discreet to use.</p>
<p data-start=""2191"" data-end=""2297""><strong data-start=""2191"" data-end=""2231"">Does Jordan have different settings?</strong><br data-start=""2231"" data-end=""2234"">Yes. It includes multiple vibration modes and intensity levels.</p>
<p data-start=""2299"" data-end=""2392""><strong data-start=""2299"" data-end=""2336"">Is Jordan suitable for beginners?</strong><br data-start=""2336"" data-end=""2339"">Yes. It is simple to operate and easy to get used to.</p>
<p data-start=""2394"" data-end=""2482""><strong data-start=""2394"" data-end=""2419"">Is Jordan waterproof?</strong><br data-start=""2419"" data-end=""2422"">Yes. It is designed to be water-resistant for easy cleaning.</p>
<!---->",media/jordan/SA297A_1.webp|media/jordan/SA297A_2.webp|media/jordan/SA297A_3.webp|media/jordan/SA297A_4.webp|media/jordan/SA297A_5.webp|media/jordan/SA297A_6.webp|media/jordan/SA297A_7.webp|media/jordan/SA297A_8.webp|media/jordan/SA297A_9.webp|media/jordan/SA297A_10.webp,https://cdn.shopify.com/s/files/1/0659/3334/4986/files/Jordan_svakom_1.webp|https://cdn.shopify.com/s/files/1/0659/3334/4986/files/Jordan_0cf8495c-7dc8-4292-942d-558c27da23c1.webp|https://cdn.shopify.com/s/files/1/0659/3334/4986/files/Jordan_svakom_2.webp|https://cdn.shopify.com/s/files/1/0659/3334/4986/files/Jordan_svakom_3.webp|https://cdn.shopify.com/s/files/1/0659/3334/4986/files/Jordan_svakom_4.webp|https://cdn.shopify.com/s/files/1/0659/3334/4986/files/Jordan_svakom_5.webp|https://cdn.shopify.com/s/files/1/0659/3334/4986/files/Jordan_svakom_6.webp|https://cdn.shopify.com/s/files/1/0659/3334/4986/files/Jordan_svakom_7.webp|https://cdn.shopify.com/s/files/1/0659/3334/4986/files/Jordan_4a9a0479-38d5-4331-a7fb-39840e4cc662.webp|https://cdn.shopify.com/s/files/1/0659/3334/4986/files/Jordan_svakom_8.webp,10,1,SA297A,66.95,66.95,"[{""sku"": ""SA297A"", ""title"": ""Navy Blue"", ""price"": ""66.95"", ""compare_at_price"": ""78.95"", ""available"": true, ""weight_grams"": 1306}]"
8581089755354,SVAKOM USB-A TO USB-C CHARGING CABLE,charge-cable-type-c,https://www.svakom.com/products/charge-cable-type-c,Accessories,"Accessories, All Products","Buy SVAKOM - USB Type-C Charging Cable — Online Shop.

Charger compatibility:

• Sam neo 2 pro
• Cici 2
• Mora neo
• Pulse galaxie
• Trysta neo
• Mini emma neo
• Chika
• Cici+2

• Emma neo 2

• Sam neo 2","<p>Buy SVAKOM - USB Type-C Charging Cable — Online Shop.</p>
<p>Charger compatibility:</p>
<p>• Sam neo 2 pro<br data-start=""159"" data-end=""162"">• Cici 2<br data-start=""312"" data-end=""315"">• Mora neo<br data-start=""361"" data-end=""364"">• Pulse galaxie<br data-start=""469"" data-end=""472"">• Trysta neo<br data-start=""518"" data-end=""521"">• Mini emma neo<br data-start=""569"" data-end=""572"">• Chika<br data-start=""720"" data-end=""723"">• Cici+2</p>
<p>• Emma neo 2</p>
<p>• Sam neo 2</p>",media/charge-cable-type-c/CHARGING CABLE TYPE C_1.webp|media/charge-cable-type-c/CHARGING CABLE TYPE C_2.jpg,https://cdn.shopify.com/s/files/1/0659/3334/4986/files/type-c_charger_carousel_photo.webp|https://cdn.shopify.com/s/files/1/0659/3334/4986/files/SVAKOM-Charger-USB-A-to-USB-C-Charging-Cable-for-SVAKOM-Sex-Toys-Svakom-Store-189563813.jpg,2,1,CHARGING CABLE TYPE C,17.95,17.95,"[{""sku"": ""CHARGING CABLE TYPE C"", ""title"": ""Default Title"", ""price"": ""17.95"", ""compare_at_price"": null, ""available"": true, ""weight_grams"": 57}]"
8561205608666,TRYSTA NEO,rabbit-vibrator-with-rolling-ball,https://www.svakom.com/products/rabbit-vibrator-with-rolling-ball,G-Spot Vibrators,"All Products, app-controlled sex toys, bluetooth control, bluetooth vibrator, Connexion Series, female sex toys, g-spot vibrators, lesbian sex toys, Rabbit Vibrators, sex toys, Valentines Day, Verishop, vibrators, video interactive sex toys, webcam interactive sex toys","Movement That Feels Alive

Trysta Neo was designed to combine rabbit-style stimulation with rolling motion technology, creating a more dynamic and fluid sensation profile. Instead of static vibration, it introduces movement-based stimulation that feels continuous and evolving. The result is a more expressive and responsive experience that adapts to rhythm and pressure.

Frequently Asked Questions

What is SVAKOM Trysta Neo?
Trysta Neo is a rabbit vibrator with added rolling ball motion for dynamic stimulation.

What is rolling ball technology?
It adds movement-based internal stimulation alongside vibration.

Is it strong?
Yes. It offers multiple intensity levels.

Can I control it easily?
Yes. It includes intuitive controls and preset modes.

Is it waterproof?
Yes. It is waterproof.","<h2 data-section-id=""1uomgap"" data-start=""6604"" data-end=""6632"" class=""PDq2pG_selectionAnchorContainer"">Movement That Feels Alive<span aria-hidden=""true"" class=""PDq2pG_selectionAnchor""></span>
</h2>
<p data-start=""6634"" data-end=""6978"">Trysta Neo was designed to combine rabbit-style stimulation with rolling motion technology, creating a more dynamic and fluid sensation profile. Instead of static vibration, it introduces movement-based stimulation that feels continuous and evolving. The result is a more expressive and responsive experience that adapts to rhythm and pressure.</p>
<hr data-start=""6980"" data-end=""6983"">
<h2 data-section-id=""1r8frcv"" data-start=""6985"" data-end=""7014"">Frequently Asked Questions</h2>
<p data-start=""7016"" data-end=""7136""><strong data-start=""7016"" data-end=""7046"">What is SVAKOM Trysta Neo?</strong><br data-start=""7046"" data-end=""7049"">Trysta Neo is a rabbit vibrator with added rolling ball motion for dynamic stimulation.</p>
<p data-start=""7138"" data-end=""7241""><strong data-start=""7138"" data-end=""7174"">What is rolling ball technology?</strong><br data-start=""7174"" data-end=""7177"">It adds movement-based internal stimulation alongside vibration.</p>
<p data-start=""7243"" data-end=""7304""><strong data-start=""7243"" data-end=""7260"">Is it strong?</strong><br data-start=""7260"" data-end=""7263"">Yes. It offers multiple intensity levels.</p>
<p data-start=""7306"" data-end=""7390""><strong data-start=""7306"" data-end=""7334"">Can I control it easily?</strong><br data-start=""7334"" data-end=""7337"">Yes. It includes intuitive controls and preset modes.</p>
<p data-start=""7392"" data-end=""7438""><strong data-start=""7392"" data-end=""7413"">Is it waterproof?</strong><br data-start=""7413"" data-end=""7416"">Yes. It is waterproof.</p>
<!---->",media/rabbit-vibrator-with-rolling-ball/SA374A_1.webp|media/rabbit-vibrator-with-rolling-ball/SA374A_2.webp|media/rabbit-vibrator-with-rolling-ball/SA374A_3.webp|media/rabbit-vibrator-with-rolling-ball/SA374A_4.webp|media/rabbit-vibrator-with-rolling-ball/SA374A_5.webp|media/rabbit-vibrator-with-rolling-ball/SA374A_6.webp|media/rabbit-vibrator-with-rolling-ball/SA374A_7.webp|media/rabbit-vibrator-with-rolling-ball/SA374A_8.webp|media/rabbit-vibrator-with-rolling-ball/SA374A_9.webp|media/rabbit-vibrator-with-rolling-ball/SA374A_10.webp,https://cdn.shopify.com/s/files/1/0659/3334/4986/files/Trysta_Neo_svakom_1.webp|https://cdn.shopify.com/s/files/1/0659/3334/4986/files/TRYSTA-NEO_78a8b547-f3e5-474a-9c7e-1b046ac07387.webp|https://cdn.shopify.com/s/files/1/0659/3334/4986/files/Trysta_Neo_svakom_2.webp|https://cdn.shopify.com/s/files/1/0659/3334/4986/files/Trysta_Neo_svakom_3.webp|https://cdn.shopify.com/s/files/1/0659/3334/4986/files/Trysta_Neo_svakom_4.webp|https://cdn.shopify.com/s/files/1/0659/3334/4986/files/Trysta_Neo_svakom_5.webp|https://cdn.shopify.com/s/files/1/0659/3334/4986/files/Trysta_Neo_svakom_6.webp|https://cdn.shopify.com/s/files/1/0659/3334/4986/files/Trysta_Neo_svakom_7.webp|https://cdn.shopify.com/s/files/1/0659/3334/4986/files/Trysta-Neo.webp|https://cdn.shopify.com/s/files/1/0659/3334/4986/files/Trysta_Neo_svakom_8.webp,10,1,SA374A,73.95,73.95,"[{""sku"": ""SA374A"", ""title"": ""Romantic Rose"", ""price"": ""73.95"", ""compare_at_price"": ""86.95"", ""available"": true, ""weight_grams"": 1500}]"
8538192773338,CICI 2,beginers-vibrator-cici-2,https://www.svakom.com/products/beginers-vibrator-cici-2,G-Spot Vibrators,"All Products, APP-controlled Toys, Apps Controlled Toys, Beginner, beginner's sex toys, Best Sellers, bluetooth control, bluetooth vibrator, classic vibrators, Couples, female sex toys, female toys, Foreplay Toys, foreplay vibrators, g-spot, g-spot vibrators, heating, lesbian sex toys, sex toy, sex toys, Sex Toys for Couples, Valentines Day, Verishop, vibrators","Small Steps. Big Discoveries.

Sometimes the best place to start is with something simple.

Cici 2 was designed for comfort, confidence, and exploration. Its slim profile, flexible shaft, and precisely angled head make it approachable for beginners while still offering the focused stimulation many experienced users prefer.

Add gentle warmth, customizable vibration, and app-enabled control, and Cici 2 becomes more than an introduction—it becomes a toy you'll keep reaching for long after your first experience.

Comfortable. Intuitive. Ready whenever curiosity strikes.

Frequently Asked Questions

What is SVAKOM Cici 2?

SVAKOM Cici 2 is a slim G-spot vibrator featuring targeted vibration, a semi-flexible shaft, and a warming function designed for comfortable, precise stimulation.

Is Cici 2 good for beginners?

Yes. Cici 2 was specifically designed with a slim shape and precise curved tip, making it an excellent choice for users new to vibrators or those who prefer a narrower design.

What makes Cici 2 different from other G-spot vibrators?

Unlike many larger models, Cici 2 focuses on comfort, precision, and ease of use. Its angled head helps target sensitive areas while the slim shaft offers a more approachable experience.

Does Cici 2 have a heating function?

Yes. Cici 2 features an independent heating function that warms the head to approximately 38°C for added comfort.

How many vibration settings does Cici 2 have?

Cici 2 offers 5 vibration patterns and 5 intensity levels, creating more than 25 possible combinations.

Is Cici 2 app controlled?

Yes. Cici 2 pairs with the SVAKOM App, allowing users to create custom patterns, explore long-distance control, and access additional interactive features.

Is Cici 2 waterproof?

Yes. Cici 2 is waterproof and suitable for easy cleaning as well as bath or shower use.

What is Cici 2 made from?

Cici 2 is crafted from premium body-safe liquid silicone that feels soft against the skin while remaining durable and easy to maintain.

Why do people love Cici 2?

Many users appreciate Cici 2 because it balances comfort, precision, warmth, and customization in a design that never feels intimidating.","<h2>Small Steps. Big Discoveries.</h2>
<p>Sometimes the best place to start is with something simple.</p>
<p>Cici 2 was designed for comfort, confidence, and exploration. Its slim profile, flexible shaft, and precisely angled head make it approachable for beginners while still offering the focused stimulation many experienced users prefer.</p>
<p>Add gentle warmth, customizable vibration, and app-enabled control, and Cici 2 becomes more than an introduction—it becomes a toy you'll keep reaching for long after your first experience.</p>
<p>Comfortable. Intuitive. Ready whenever curiosity strikes.</p>
<hr>
<h2>Frequently Asked Questions</h2>
<h3>What is SVAKOM Cici 2?</h3>
<p>SVAKOM Cici 2 is a slim G-spot vibrator featuring targeted vibration, a semi-flexible shaft, and a warming function designed for comfortable, precise stimulation.</p>
<h3>Is Cici 2 good for beginners?</h3>
<p>Yes. Cici 2 was specifically designed with a slim shape and precise curved tip, making it an excellent choice for users new to vibrators or those who prefer a narrower design.</p>
<h3>What makes Cici 2 different from other G-spot vibrators?</h3>
<p>Unlike many larger models, Cici 2 focuses on comfort, precision, and ease of use. Its angled head helps target sensitive areas while the slim shaft offers a more approachable experience.</p>
<h3>Does Cici 2 have a heating function?</h3>
<p>Yes. Cici 2 features an independent heating function that warms the head to approximately 38°C for added comfort.</p>
<h3>How many vibration settings does Cici 2 have?</h3>
<p>Cici 2 offers 5 vibration patterns and 5 intensity levels, creating more than 25 possible combinations.</p>
<h3>Is Cici 2 app controlled?</h3>
<p>Yes. Cici 2 pairs with the SVAKOM App, allowing users to create custom patterns, explore long-distance control, and access additional interactive features.</p>
<h3>Is Cici 2 waterproof?</h3>
<p>Yes. Cici 2 is waterproof and suitable for easy cleaning as well as bath or shower use.</p>
<h3>What is Cici 2 made from?</h3>
<p>Cici 2 is crafted from premium body-safe liquid silicone that feels soft against the skin while remaining durable and easy to maintain.</p>
<h3>Why do people love Cici 2?</h3>
<p>Many users appreciate Cici 2 because it balances comfort, precision, warmth, and customization in a design that never feels intimidating.</p>
<!---->",media/beginers-vibrator-cici-2/SA373A_1.webp|media/beginers-vibrator-cici-2/SA373A_2.webp|media/beginers-vibrator-cici-2/SA373A_3.webp|media/beginers-vibrator-cici-2/SA373A_4.webp|media/beginers-vibrator-cici-2/SA373A_5.webp|media/beginers-vibrator-cici-2/SA373A_6.webp|media/beginers-vibrator-cici-2/SA373A_7.webp|media/beginers-vibrator-cici-2/SA373A_8.webp|media/beginers-vibrator-cici-2/SA373A_9.webp,https://cdn.shopify.com/s/files/1/0659/3334/4986/files/Cici_2_svakom_1_b2ba415a-102f-4ab7-a139-9263466cd1a7.webp|https://cdn.shopify.com/s/files/1/0659/3334/4986/files/Cici_2_svakom_2_b44a0ba1-9132-4c3a-9987-b362b41301dc.webp|https://cdn.shopify.com/s/files/1/0659/3334/4986/files/Cici_2_svakom_3_dd612dba-d7a8-46b1-88d6-f2dae7a819a3.webp|https://cdn.shopify.com/s/files/1/0659/3334/4986/files/Cici_2_svakom_4_35e53ea5-d5a1-4a93-ad2e-b5ab47da5379.webp|https://cdn.shopify.com/s/files/1/0659/3334/4986/files/Cici_2_svakom_5_ef5b631f-0e6e-463c-b1c8-3b886233adcd.webp|https://cdn.shopify.com/s/files/1/0659/3334/4986/files/Cici_2_svakom_6_80deb3dc-8645-4b94-858a-9c0ad5d9efc2.webp|https://cdn.shopify.com/s/files/1/0659/3334/4986/files/Cici_2_svakom_7_1c8742c1-92e0-439a-a088-8ae36c500686.webp|https://cdn.shopify.com/s/files/1/0659/3334/4986/files/cici_2_16dcea91-1769-4ee1-9d52-96b3621be9d8.webp|https://cdn.shopify.com/s/files/1/0659/3334/4986/files/Cici_2_svakom_8_2a935233-efda-435d-8999-e11951cbb91a.webp,9,1,SA373A,70.95,70.95,"[{""sku"": ""SA373A"", ""title"": ""Pastel Lilac"", ""price"": ""70.95"", ""compare_at_price"": ""78.95"", ""available"": true, ""weight_grams"": 340}]"
7731229556954,ALICE,alice,https://www.svakom.com/products/alice,Sensations,"Disable SATCB, hidden, Hidden recommendation, Hidden upsell recommendation, UNSOLD",,<!---->,media/alice/6959633100264_1.jpg|media/alice/6959633100264_2.jpg|media/alice/6959633100264_3.jpg|media/alice/6959633100264_4.jpg|media/alice/6959633100264_5.jpg|media/alice/6959633100264_6.jpg|media/alice/6959633100264_7.jpg|media/alice/6959633100264_8.jpg,https://cdn.shopify.com/s/files/1/0659/3334/4986/files/ALICE-Svakom-135997833.jpg|https://cdn.shopify.com/s/files/1/0659/3334/4986/files/ALICE-Svakom-135997973.jpg|https://cdn.shopify.com/s/files/1/0659/3334/4986/files/ALICE-Svakom-135998062.jpg|https://cdn.shopify.com/s/files/1/0659/3334/4986/files/ALICE-Svakom-135998176.jpg|https://cdn.shopify.com/s/files/1/0659/3334/4986/files/ALICE-Svakom-135998229.jpg|https://cdn.shopify.com/s/files/1/0659/3334/4986/files/ALICE-Svakom-135998324.jpg|https://cdn.shopify.com/s/files/1/0659/3334/4986/files/ALICE-Svakom-135998548.jpg|https://cdn.shopify.com/s/files/1/0659/3334/4986/files/ALICE-Svakom-135998449.jpg,8,2,6959633100264|6959633100271,78.95,78.95,"[{""sku"": ""6959633100264"", ""title"": ""Pale Pink"", ""price"": ""78.95"", ""compare_at_price"": null, ""available"": false, ""weight_grams"": 397}, {""sku"": ""6959633100271"", ""title"": ""Violet"", ""price"": ""78.95"", ""compare_at_price"": null, ""available"": false, ""weight_grams"": 397}]"
7736481808602,EMMA NEO,emma-neo,https://www.svakom.com/products/emma-neo,Sensations,"Disable SATCB, UNSOLD",,<!---->,media/emma-neo/SAV-01D_1.png|media/emma-neo/SAV-01D_2.png|media/emma-neo/SAV-01D_3.jpg|media/emma-neo/SAV-01D_4.jpg,https://cdn.shopify.com/s/files/1/0659/3334/4986/files/EMMA-NEO-Svakom-136012341.png|https://cdn.shopify.com/s/files/1/0659/3334/4986/files/EMMA-NEO-Svakom-136012480.png|https://cdn.shopify.com/s/files/1/0659/3334/4986/files/EMMA-NEO-Svakom-136012526.jpg|https://cdn.shopify.com/s/files/1/0659/3334/4986/files/EMMA-NEO-Svakom-136012680.jpg,4,1,SAV-01D,95.95,95.95,"[{""sku"": ""SAV-01D"", ""title"": ""Black"", ""price"": ""95.95"", ""compare_at_price"": null, ""available"": false, ""weight_grams"": 907}]"
7736022368474,COOKIE,cookie,https://www.svakom.com/products/cookie,Sensations,"Hidden recommendation, Hidden upsell recommendation",,<!---->,media/cookie/6959633186756_1.jpg,https://cdn.shopify.com/s/files/1/0659/3334/4986/files/COOKIE-Svakom-136011415.jpg,1,1,6959633186756,60.95,60.95,"[{""sku"": ""6959633186756"", ""title"": ""Pale Pink"", ""price"": ""60.95"", ""compare_at_price"": null, ""available"": false, ""weight_grams"": 255}]"
7735417831642,ELMER,elmer,https://www.svakom.com/products/elmer,Sensations,"hidden, Hidden recommendation, Hidden upsell recommendation","Elmer has a SVAKOM Intelligent Mode which highly imitates the vibration frequency in the whole process of sex from the beginning to orgasm. Single-click the S button, you can start a wonderful sex journey. From bashful foreplay, sexy teasing, strong pulsing, to multiple climaxes, it brings you a heavenly sex experience you don't want to miss.","<p>Elmer has a SVAKOM Intelligent Mode which highly imitates the vibration frequency in the whole process of sex from the beginning to orgasm. Single-click the S button, you can start a wonderful sex journey. From bashful foreplay, sexy teasing, strong pulsing, to multiple climaxes, it brings you a heavenly sex experience you don't want to miss. </p>",media/elmer/6959633186718_1.png,https://cdn.shopify.com/s/files/1/0659/3334/4986/files/ELMER-Svakom-136009053.png,1,1,6959633186718,78.95,78.95,"[{""sku"": ""6959633186718"", ""title"": ""Violet"", ""price"": ""78.95"", ""compare_at_price"": null, ""available"": false, ""weight_grams"": 255}]"
7941830082778,COCO,coco,https://www.svakom.com/products/coco,Vibrators,"Disable SATCB, UNSOLD, vibrators",,<!---->,media/coco/6959633166482_1.png|media/coco/6959633166482_2.jpg|media/coco/6959633166482_3.png|media/coco/6959633166482_4.jpg,https://cdn.shopify.com/s/files/1/0659/3334/4986/files/COCO.png|https://cdn.shopify.com/s/files/1/0659/3334/4986/files/SVAKOM-COCO-Svakom-Store-136036567.jpg|https://cdn.shopify.com/s/files/1/0659/3334/4986/files/SVAKOM-COCO-Svakom-Store-136036636.png|https://cdn.shopify.com/s/files/1/0659/3334/4986/files/coco3.jpg,4,1,6959633166482,60.95,60.95,"[{""sku"": ""6959633166482"", ""title"": ""Coco"", ""price"": ""60.95"", ""compare_at_price"": null, ""available"": false, ""weight_grams"": 0}]"
8455871299802,ALEX NEO 2,male-simulator-masturbator,https://www.svakom.com/products/male-simulator-masturbator,Vibrators,"All Products, Apps Controlled Toys, beginner's sex toys, Best Sellers, bluetooth control, bluetooth vibrator, Connexion Series, interactive sex toys, Male Sex Toys, masturbators, sex toys, svakom masturbator, Valentines Day, Verishop, video interactive sex toys, webcam interactive sex toys","Motion Changes Everything

Sometimes vibration isn't enough.

Alex Neo 2 was designed for those who want something more dynamic. Combining rhythmic thrusting motion with a deeply textured sleeve, it creates an experience that feels immersive, responsive, and intensely satisfying. The removable sleeve adds comfort and convenience, while app connectivity unlocks even more ways to personalize every session.

Built to move.

Designed to impress.

Frequently Asked Questions

What is SVAKOM Alex Neo 2?

SVAKOM Alex Neo 2 is an app-controlled thrusting masturbator featuring a removable textured sleeve and multiple thrusting modes.

What makes Alex Neo 2 different from traditional strokers?

Unlike manual strokers, Alex Neo 2 uses powered thrusting technology to create rhythmic movement and hands-free stimulation.

Does Alex Neo 2 have thrusting motion?

Yes. Alex Neo 2 features 7 thrusting modes with speeds reaching up to 120 strokes per minute.

Is the sleeve removable?

Yes. The textured TPE sleeve can be removed for cleaning and maintenance.

Is Alex Neo 2 app controlled?

Yes. Users can connect to the SVAKOM App for additional settings, customization, and remote interaction.

Can Alex Neo 2 be used with long-distance control?

Yes. The SVAKOM App allows remote control features and interactive experiences.

How long does the battery last?

Alex Neo 2 provides approximately 1.5 hours of playtime after a full charge.

What is the sleeve made from?

The sleeve is crafted from ultra-soft textured TPE designed for comfort and sensation.

Is Alex Neo 2 easy to clean?

Yes. The removable sleeve design makes cleaning significantly easier after use.

Why do people love Alex Neo 2?

Many users appreciate Alex Neo 2 because it combines powered motion, customizable settings, and app connectivity in a compact design.","<h2>Motion Changes Everything</h2>
<p>Sometimes vibration isn't enough.</p>
<p>Alex Neo 2 was designed for those who want something more dynamic. Combining rhythmic thrusting motion with a deeply textured sleeve, it creates an experience that feels immersive, responsive, and intensely satisfying. The removable sleeve adds comfort and convenience, while app connectivity unlocks even more ways to personalize every session.</p>
<p>Built to move.</p>
<p>Designed to impress.</p>
<hr>
<h2>Frequently Asked Questions</h2>
<h3>What is SVAKOM Alex Neo 2?</h3>
<p>SVAKOM Alex Neo 2 is an app-controlled thrusting masturbator featuring a removable textured sleeve and multiple thrusting modes.</p>
<h3>What makes Alex Neo 2 different from traditional strokers?</h3>
<p>Unlike manual strokers, Alex Neo 2 uses powered thrusting technology to create rhythmic movement and hands-free stimulation.</p>
<h3>Does Alex Neo 2 have thrusting motion?</h3>
<p>Yes. Alex Neo 2 features 7 thrusting modes with speeds reaching up to 120 strokes per minute.</p>
<h3>Is the sleeve removable?</h3>
<p>Yes. The textured TPE sleeve can be removed for cleaning and maintenance.</p>
<h3>Is Alex Neo 2 app controlled?</h3>
<p>Yes. Users can connect to the SVAKOM App for additional settings, customization, and remote interaction.</p>
<h3>Can Alex Neo 2 be used with long-distance control?</h3>
<p>Yes. The SVAKOM App allows remote control features and interactive experiences.</p>
<h3>How long does the battery last?</h3>
<p>Alex Neo 2 provides approximately 1.5 hours of playtime after a full charge.</p>
<h3>What is the sleeve made from?</h3>
<p>The sleeve is crafted from ultra-soft textured TPE designed for comfort and sensation.</p>
<h3>Is Alex Neo 2 easy to clean?</h3>
<p>Yes. The removable sleeve design makes cleaning significantly easier after use.</p>
<h3>Why do people love Alex Neo 2?</h3>
<p>Many users appreciate Alex Neo 2 because it combines powered motion, customizable settings, and app connectivity in a compact design.</p>
<!---->",media/male-simulator-masturbator/S63E_1.webp|media/male-simulator-masturbator/S63E_2.webp|media/male-simulator-masturbator/S63E_3.webp|media/male-simulator-masturbator/S63E_4.webp|media/male-simulator-masturbator/S63E_5.webp|media/male-simulator-masturbator/S63E_6.webp|media/male-simulator-masturbator/S63E_7.webp|media/male-simulator-masturbator/S63E_8.webp|media/male-simulator-masturbator/S63E_9.webp|media/male-simulator-masturbator/S63E_10.webp|media/male-simulator-masturbator/S63E_11.webp|media/male-simulator-masturbator/S63E_12.webp|media/male-simulator-masturbator/S63E_13.webp,https://cdn.shopify.com/s/files/1/0659/3334/4986/files/Alex_Neo_2_svakom_1_16a4373e-496f-4b2d-96f7-c4a9d299e29b.webp|https://cdn.shopify.com/s/files/1/0659/3334/4986/files/Alex-Neo-2_GIF.webp|https://cdn.shopify.com/s/files/1/0659/3334/4986/files/Alex_Neo_2_svakom_2.webp|https://cdn.shopify.com/s/files/1/0659/3334/4986/files/Alex_Neo_2_svakom_3.webp|https://cdn.shopify.com/s/files/1/0659/3334/4986/files/Alex_Neo_2_svakom_4.webp|https://cdn.shopify.com/s/files/1/0659/3334/4986/files/Alex_Neo_2_svakom_5.webp|https://cdn.shopify.com/s/files/1/0659/3334/4986/files/Alex_Neo_2_svakom_6.webp|https://cdn.shopify.com/s/files/1/0659/3334/4986/files/Alex_Neo_2_svakom_7.webp|https://cdn.shopify.com/s/files/1/0659/3334/4986/files/Alex_Neo_2_svakom_9.webp|https://cdn.shopify.com/s/files/1/0659/3334/4986/files/Alex_Neo_2_svakom_11.webp|https://cdn.shopify.com/s/files/1/0659/3334/4986/files/Alex_Neo_2_svakom_10.webp|https://cdn.shopify.com/s/files/1/0659/3334/4986/files/Alex_Neo_2_6167c69d-668f-44be-8c6c-9796dee44b9a.webp|https://cdn.shopify.com/s/files/1/0659/3334/4986/files/Alex_Neo_2_svakom_8.webp,13,1,S63E,89.95,89.95,"[{""sku"": ""S63E"", ""title"": ""Dark Blue"", ""price"": ""89.95"", ""compare_at_price"": ""148.95"", ""available"": true, ""weight_grams"": 1760}]"
7829056422106,AMY,g-spot-vibrator-amy,https://www.svakom.com/products/g-spot-vibrator-amy,Sensations,Disable SATCB,,<!---->,media/g-spot-vibrator-amy/6959633100295_1.png|media/g-spot-vibrator-amy/6959633100295_2.webp|media/g-spot-vibrator-amy/6959633100295_3.png|media/g-spot-vibrator-amy/6959633100295_4.png|media/g-spot-vibrator-amy/6959633100295_5.jpg|media/g-spot-vibrator-amy/6959633100295_6.jpg|media/g-spot-vibrator-amy/6959633100295_7.jpg,https://cdn.shopify.com/s/files/1/0659/3334/4986/files/AMY.png|https://cdn.shopify.com/s/files/1/0659/3334/4986/files/AMY.webp|https://cdn.shopify.com/s/files/1/0659/3334/4986/files/AMY-Svakom-Store-136027254.png|https://cdn.shopify.com/s/files/1/0659/3334/4986/files/AMY-B.png|https://cdn.shopify.com/s/files/1/0659/3334/4986/files/AMY-Svakom-Store-136027566.jpg|https://cdn.shopify.com/s/files/1/0659/3334/4986/files/AMY-Svakom-Store-136027689.jpg|https://cdn.shopify.com/s/files/1/0659/3334/4986/files/AMY-Svakom-Store-136027886.jpg,7,2,6959633100295|6959633100301,69.95,69.95,"[{""sku"": ""6959633100295"", ""title"": ""Pale Pink"", ""price"": ""69.95"", ""compare_at_price"": ""0.00"", ""available"": false, ""weight_grams"": 369}, {""sku"": ""6959633100301"", ""title"": ""Violet"", ""price"": ""69.95"", ""compare_at_price"": ""0.00"", ""available"": false, ""weight_grams"": 369}]"
8075790188762,AVA NEO,thrusting-vibrator,https://www.svakom.com/products/thrusting-vibrator,G-Spot Vibrators,"All Products, app-controlled sex toys, Best Sellers, bluetooth control, bluetooth vibrator, classic vibrators, female sex toys, lesbian sex toys, LGBT sex toys, LimitedTimeSales, sex toy, sex toys, thrusting vibrators, Valentines Day, vibrators, video interactive sex toys","When Fantasy Meets Motion

Some experiences feel closer to the real thing.

Ava Neo combines rhythmic thrusting movement with independent vibration in a sleek, approachable design. Its cushioned head and non-pinching shaft help maintain comfort while the powerful internal motors create dynamic movement that traditional vibrators simply can't replicate.

Add app control and customizable patterns, and every session becomes uniquely yours.

More movement.

More control.

More reasons to stay a little longer.

Frequently Asked Questions

What is SVAKOM Ava Neo?

SVAKOM Ava Neo is an app-controlled thrusting vibrator that combines rhythmic thrusting motion with independent vibration.

What makes Ava Neo different from standard vibrators?

Ava Neo features realistic thrusting movement in addition to vibration, creating a more dynamic stimulation experience.

Does Ava Neo thrust?

Yes. Ava Neo delivers rhythmic thrusting motion through a dedicated motor while also offering independent vibration control.

Can I use thrusting and vibration separately?

Yes. The two functions can be enjoyed independently or combined.

Is Ava Neo beginner-friendly?

Yes. Its slim profile, cushioned head, and adjustable settings make it approachable for a wide range of users.

Is Ava Neo app controlled?

Yes. Ava Neo pairs with the SVAKOM App for custom patterns, remote interaction, and additional control options.

How many settings does Ava Neo offer?

Ava Neo includes multiple thrusting, vibration, and combined stimulation modes with adjustable intensity levels.

Is Ava Neo waterproof?

Yes. Ava Neo is IPX7 waterproof.

Why do people love Ava Neo?

Many users enjoy Ava Neo because it combines realistic movement, independent vibration, and app-enabled customization in one versatile design.","<h2>When Fantasy Meets Motion</h2>
<p>Some experiences feel closer to the real thing.</p>
<p>Ava Neo combines rhythmic thrusting movement with independent vibration in a sleek, approachable design. Its cushioned head and non-pinching shaft help maintain comfort while the powerful internal motors create dynamic movement that traditional vibrators simply can't replicate.</p>
<p>Add app control and customizable patterns, and every session becomes uniquely yours.</p>
<p>More movement.</p>
<p>More control.</p>
<p>More reasons to stay a little longer.</p>
<hr>
<h2>Frequently Asked Questions</h2>
<h3>What is SVAKOM Ava Neo?</h3>
<p>SVAKOM Ava Neo is an app-controlled thrusting vibrator that combines rhythmic thrusting motion with independent vibration.</p>
<h3>What makes Ava Neo different from standard vibrators?</h3>
<p>Ava Neo features realistic thrusting movement in addition to vibration, creating a more dynamic stimulation experience.</p>
<h3>Does Ava Neo thrust?</h3>
<p>Yes. Ava Neo delivers rhythmic thrusting motion through a dedicated motor while also offering independent vibration control.</p>
<h3>Can I use thrusting and vibration separately?</h3>
<p>Yes. The two functions can be enjoyed independently or combined.</p>
<h3>Is Ava Neo beginner-friendly?</h3>
<p>Yes. Its slim profile, cushioned head, and adjustable settings make it approachable for a wide range of users.</p>
<h3>Is Ava Neo app controlled?</h3>
<p>Yes. Ava Neo pairs with the SVAKOM App for custom patterns, remote interaction, and additional control options.</p>
<h3>How many settings does Ava Neo offer?</h3>
<p>Ava Neo includes multiple thrusting, vibration, and combined stimulation modes with adjustable intensity levels.</p>
<h3>Is Ava Neo waterproof?</h3>
<p>Yes. Ava Neo is IPX7 waterproof.</p>
<h3>Why do people love Ava Neo?</h3>
<p>Many users enjoy Ava Neo because it combines realistic movement, independent vibration, and app-enabled customization in one versatile design.</p>
<!---->",media/thrusting-vibrator/SA059B-PP_1.webp|media/thrusting-vibrator/SA059B-PP_2.webp|media/thrusting-vibrator/SA059B-PP_3.webp|media/thrusting-vibrator/SA059B-PP_4.webp|media/thrusting-vibrator/SA059B-PP_5.webp|media/thrusting-vibrator/SA059B-PP_6.webp|media/thrusting-vibrator/SA059B-PP_7.webp|media/thrusting-vibrator/SA059B-PP_8.webp|media/thrusting-vibrator/SA059B-PP_9.webp|media/thrusting-vibrator/SA059B-PP_10.webp|media/thrusting-vibrator/SA059B-PP_11.webp|media/thrusting-vibrator/SA059B-PP_12.webp|media/thrusting-vibrator/SA059B-PP_13.webp,https://cdn.shopify.com/s/files/1/0659/3334/4986/files/Ava_Neo_svakom_2.webp|https://cdn.shopify.com/s/files/1/0659/3334/4986/files/AVA-NEO_GIF.webp|https://cdn.shopify.com/s/files/1/0659/3334/4986/files/Ava_Neo_svakom_1.webp|https://cdn.shopify.com/s/files/1/0659/3334/4986/files/Ava_Neo_svakom_3.webp|https://cdn.shopify.com/s/files/1/0659/3334/4986/files/Ava_Neo_svakom_4.webp|https://cdn.shopify.com/s/files/1/0659/3334/4986/files/Ava_Neo_svakom_5.webp|https://cdn.shopify.com/s/files/1/0659/3334/4986/files/Ava_Neo_svakom_6.webp|https://cdn.shopify.com/s/files/1/0659/3334/4986/files/Ava_Neo_svakom_7.webp|https://cdn.shopify.com/s/files/1/0659/3334/4986/files/Ava_Neo_svakom_8.webp|https://cdn.shopify.com/s/files/1/0659/3334/4986/files/Ava_Neo_svakom_10.webp|https://cdn.shopify.com/s/files/1/0659/3334/4986/files/Ava_Neo_svakom_11.webp|https://cdn.shopify.com/s/files/1/0659/3334/4986/files/Ava-Neo.webp|https://cdn.shopify.com/s/files/1/0659/3334/4986/files/Ava_Neo_svakom_9.webp,13,2,SA059B-PP|SA059B-CB,34.95,78.95,"[{""sku"": ""SA059B-PP"", ""title"": ""Peach Pink"", ""price"": ""34.95"", ""compare_at_price"": ""78.95"", ""available"": true, ""weight_grams"": 408}, {""sku"": ""SA059B-CB"", ""title"": ""Cornflower Blue"", ""price"": ""78.95"", ""compare_at_price"": null, ""available"": true, ""weight_grams"": 408}]"
7736487411930,AYLIN,pulsating-rabbit-vibrator,https://www.svakom.com/products/pulsating-rabbit-vibrator,G-Spot Vibrators,"All Products, female sex toys, female toys, rabbit, Rabbit Vibrators, sex toys, Verishop, vibrators","A Softer Rhythm, A Deeper Response

Aylin was created for those who enjoy layered, pulsating sensations that build gradually rather than all at once. Its rabbit-inspired structure adds dual stimulation with a more dynamic rhythm, designed to feel both playful and controlled. With multiple modes and adjustable intensity, Aylin adapts to your mood and helps you explore sensation in a more expressive way.

Frequently Asked Questions

What is SVAKOM Aylin?
SVAKOM Aylin is a pulsating rabbit-style vibrator designed for dual stimulation and rhythmic pleasure.

What makes Aylin different?
It combines internal and external stimulation with pulsating motion patterns.

Is Aylin beginner-friendly?
Yes. It includes simple modes suitable for beginners while offering depth for experienced users.

Can I adjust intensity?
Yes. Aylin has multiple vibration and pulsation levels.

Is it quiet?
Yes. It is designed to operate with low noise levels.

Is Aylin waterproof?
Yes. It is waterproof for easy cleaning and flexible use.","<h2 data-section-id=""1qzg90i"" data-start=""1284"" data-end=""1321"" class=""PDq2pG_selectionAnchorContainer"">A Softer Rhythm, A Deeper Response<span aria-hidden=""true"" class=""PDq2pG_selectionAnchor""></span>
</h2>
<p data-start=""1323"" data-end=""1692"">Aylin was created for those who enjoy layered, pulsating sensations that build gradually rather than all at once. Its rabbit-inspired structure adds dual stimulation with a more dynamic rhythm, designed to feel both playful and controlled. With multiple modes and adjustable intensity, Aylin adapts to your mood and helps you explore sensation in a more expressive way.</p>
<hr data-start=""1694"" data-end=""1697"">
<h2 data-section-id=""1r8frcv"" data-start=""1699"" data-end=""1728"">Frequently Asked Questions</h2>
<p data-start=""1730"" data-end=""1860""><strong data-start=""1730"" data-end=""1755"">What is SVAKOM Aylin?</strong><br data-start=""1755"" data-end=""1758"">SVAKOM Aylin is a pulsating rabbit-style vibrator designed for dual stimulation and rhythmic pleasure.</p>
<p data-start=""1862"" data-end=""1973""><strong data-start=""1862"" data-end=""1893"">What makes Aylin different?</strong><br data-start=""1893"" data-end=""1896"">It combines internal and external stimulation with pulsating motion patterns.</p>
<p data-start=""1975"" data-end=""2105""><strong data-start=""1975"" data-end=""2006"">Is Aylin beginner-friendly?</strong><br data-start=""2006"" data-end=""2009"">Yes. It includes simple modes suitable for beginners while offering depth for experienced users.</p>
<p data-start=""2107"" data-end=""2192""><strong data-start=""2107"" data-end=""2134"">Can I adjust intensity?</strong><br data-start=""2134"" data-end=""2137"">Yes. Aylin has multiple vibration and pulsation levels.</p>
<p data-start=""2194"" data-end=""2266""><strong data-start=""2194"" data-end=""2210"">Is it quiet?</strong><br data-start=""2210"" data-end=""2213"">Yes. It is designed to operate with low noise levels.</p>
<p data-start=""2268"" data-end=""2352""><strong data-start=""2268"" data-end=""2292"">Is Aylin waterproof?</strong><br data-start=""2292"" data-end=""2295"">Yes. It is waterproof for easy cleaning and flexible use.</p>
<!---->",media/pulsating-rabbit-vibrator/S106_1.webp|media/pulsating-rabbit-vibrator/S106_2.webp|media/pulsating-rabbit-vibrator/S106_3.webp|media/pulsating-rabbit-vibrator/S106_4.webp|media/pulsating-rabbit-vibrator/S106_5.webp|media/pulsating-rabbit-vibrator/S106_6.webp|media/pulsating-rabbit-vibrator/S106_7.webp|media/pulsating-rabbit-vibrator/S106_8.webp|media/pulsating-rabbit-vibrator/S106_9.webp,https://cdn.shopify.com/s/files/1/0659/3334/4986/files/Aylin_svakom_1.webp|https://cdn.shopify.com/s/files/1/0659/3334/4986/files/AYLIN_GIF.webp|https://cdn.shopify.com/s/files/1/0659/3334/4986/files/Aylin_svakom_3.webp|https://cdn.shopify.com/s/files/1/0659/3334/4986/files/Aylin_svakom_2.webp|https://cdn.shopify.com/s/files/1/0659/3334/4986/files/Aylin_svakom_4.webp|https://cdn.shopify.com/s/files/1/0659/3334/4986/files/Aylin_svakom_5.webp|https://cdn.shopify.com/s/files/1/0659/3334/4986/files/Aylin_svakom_6.webp|https://cdn.shopify.com/s/files/1/0659/3334/4986/files/Aylin_svakom_8.webp|https://cdn.shopify.com/s/files/1/0659/3334/4986/files/Aylin_svakom_7.webp,9,1,S106,52.95,52.95,"[{""sku"": ""S106"", ""title"": ""Navy Blue"", ""price"": ""52.95"", ""compare_at_price"": ""86.95"", ""available"": true, ""weight_grams"": 369}]"
7736482496730,BENEDICT,hands-free-vibrating-ring,https://www.svakom.com/products/hands-free-vibrating-ring,Cock Rings,"All Products, Best Sellers, Christmas, cock rings, Male Sex Toys, Perineum Toys, sex toys, Verishop, vibrators","A Hands-Free Way to Stay in Sync

Benedict was designed for those who prefer a more effortless rhythm during intimate moments. Compact, flexible, and easy to position, it focuses on delivering steady stimulation without interrupting the flow. Whether used alone or with a partner, it keeps everything aligned so you can stay in the moment instead of adjusting settings or grip.

Frequently Asked Questions

What is SVAKOM Benedict?
SVAKOM Benedict is a hands-free vibrating ring designed to enhance stimulation and support more effortless, continuous pleasure during use.

Is Benedict comfortable to wear?
Yes. It features a flexible structure designed to adapt naturally for a secure and comfortable fit.

Can Benedict be used with a partner?
Yes. It is designed for both solo and partnered experiences.

Is Benedict beginner-friendly?
Yes. Its simple design and easy operation make it suitable for first-time users.

Does Benedict have multiple vibration modes?
Yes. It offers different vibration intensities to suit different preferences.

Is Benedict waterproof?
Yes. It is waterproof and easy to clean after use.

How is Benedict charged?
It uses a standard USB charging system for convenient recharging.","<h2 data-section-id=""x1l606"" data-start=""146"" data-end=""181"" class=""PDq2pG_selectionAnchorContainer"">A Hands-Free Way to Stay in Sync<span aria-hidden=""true"" class=""PDq2pG_selectionAnchor""></span>
</h2>
<p data-start=""183"" data-end=""526"">Benedict was designed for those who prefer a more effortless rhythm during intimate moments. Compact, flexible, and easy to position, it focuses on delivering steady stimulation without interrupting the flow. Whether used alone or with a partner, it keeps everything aligned so you can stay in the moment instead of adjusting settings or grip.</p>
<hr data-start=""528"" data-end=""531"">
<h2 data-section-id=""1r8frcv"" data-start=""533"" data-end=""562"">Frequently Asked Questions</h2>
<p data-start=""564"" data-end=""734""><strong data-start=""564"" data-end=""592"">What is SVAKOM Benedict?</strong><br data-start=""592"" data-end=""595"">SVAKOM Benedict is a hands-free vibrating ring designed to enhance stimulation and support more effortless, continuous pleasure during use.</p>
<p data-start=""736"" data-end=""874""><strong data-start=""736"" data-end=""772"">Is Benedict comfortable to wear?</strong><br data-start=""772"" data-end=""775"">Yes. It features a flexible structure designed to adapt naturally for a secure and comfortable fit.</p>
<p data-start=""876"" data-end=""979""><strong data-start=""876"" data-end=""916"">Can Benedict be used with a partner?</strong><br data-start=""916"" data-end=""919"">Yes. It is designed for both solo and partnered experiences.</p>
<p data-start=""981"" data-end=""1098""><strong data-start=""981"" data-end=""1015"">Is Benedict beginner-friendly?</strong><br data-start=""1015"" data-end=""1018"">Yes. Its simple design and easy operation make it suitable for first-time users.</p>
<p data-start=""1100"" data-end=""1228""><strong data-start=""1100"" data-end=""1148"">Does Benedict have multiple vibration modes?</strong><br data-start=""1148"" data-end=""1151"">Yes. It offers different vibration intensities to suit different preferences.</p>
<p data-start=""1230"" data-end=""1310""><strong data-start=""1230"" data-end=""1257"">Is Benedict waterproof?</strong><br data-start=""1257"" data-end=""1260"">Yes. It is waterproof and easy to clean after use.</p>
<p data-start=""1312"" data-end=""1408""><strong data-start=""1312"" data-end=""1340"">How is Benedict charged?</strong><br data-start=""1340"" data-end=""1343"">It uses a standard USB charging system for convenient recharging.</p>
<!---->",media/hands-free-vibrating-ring/SL01_1.webp|media/hands-free-vibrating-ring/SL01_2.webp|media/hands-free-vibrating-ring/SL01_3.webp|media/hands-free-vibrating-ring/SL01_4.webp|media/hands-free-vibrating-ring/SL01_5.webp|media/hands-free-vibrating-ring/SL01_6.webp|media/hands-free-vibrating-ring/SL01_7.webp|media/hands-free-vibrating-ring/SL01_8.webp|media/hands-free-vibrating-ring/SL01_9.webp,https://cdn.shopify.com/s/files/1/0659/3334/4986/files/Benedict_svakom_1_d28dc915-2244-42e4-a5e8-ed3a83dae006.webp|https://cdn.shopify.com/s/files/1/0659/3334/4986/files/BENEDICT_GIF.webp|https://cdn.shopify.com/s/files/1/0659/3334/4986/files/Benedict_svakom_2.webp|https://cdn.shopify.com/s/files/1/0659/3334/4986/files/Benedict_svakom_3.webp|https://cdn.shopify.com/s/files/1/0659/3334/4986/files/Benedict_svakom_4.webp|https://cdn.shopify.com/s/files/1/0659/3334/4986/files/Benedict_svakom_5.webp|https://cdn.shopify.com/s/files/1/0659/3334/4986/files/Benedict_svakom_6.webp|https://cdn.shopify.com/s/files/1/0659/3334/4986/files/Benedict_svakom_7.webp|https://cdn.shopify.com/s/files/1/0659/3334/4986/files/Benedict_svakom_8.webp,9,1,SL01,61.99,61.99,"[{""sku"": ""SL01"", ""title"": ""Black"", ""price"": ""61.99"", ""compare_at_price"": null, ""available"": true, ""weight_grams"": 283}]"
8245753184474,CHIKA,strong-flexible-rabbit-vibrator,https://www.svakom.com/products/strong-flexible-rabbit-vibrator,G-Spot Vibrators,"All Products, APP-controlled Toys, Apps Controlled Toys, bluetooth control, bluetooth vibrator, female sex toys, heating, lesbian sex toys, rabbit, Rabbit Vibrators, sex toys, Valentines Day, vibrator, vibrators","Flexibility Changes Everything

The best fit is the one that feels made for you.

Chika's flexible shaft adapts to your body instead of asking your body to adapt to it. Its curved head delivers targeted stimulation, while the independent external stimulator creates balanced sensations from multiple angles.

Add app control, customizable vibration patterns, and soothing warmth, and Chika becomes a toy that feels uniquely personal every time you use it.

Comfortable.

Flexible.

Unexpectedly powerful.

Frequently Asked Questions

What is SVAKOM Chika?

SVAKOM Chika is an app-controlled flexible rabbit vibrator featuring dual stimulation, customizable vibration settings, and a warming function.

What makes Chika different from other rabbit vibrators?

Chika features a highly flexible shaft that adapts to different body shapes, helping users find a more comfortable fit.

Does Chika have a heating function?

Yes. Chika includes an independent heating feature that warms the shaft head to approximately body temperature (38°C).

Is Chika app controlled?

Yes. Chika connects to the SVAKOM App for customized vibration patterns, long-distance control, and interactive features.

Is Chika suitable for beginners?

Yes. Its slim profile, flexible design, and adjustable intensity levels make it approachable for many users.

How many vibration settings does Chika have?

Chika offers multiple vibration modes, intensity levels, and an intelligent rhythm mode for added variety.

Is Chika waterproof?

Yes. Chika is IPX7 waterproof for easy cleaning and bath-friendly use.

What material is Chika made from?

Chika is made from premium liquid silicone designed to feel soft and comfortable against the skin.

Does Chika include a travel lock?

Yes. Chika includes a travel lock feature that helps prevent accidental activation during travel.

Why do people love Chika?

Many users enjoy Chika because its flexibility, warmth, and dual stimulation create a more personalized experience.","<h2>Flexibility Changes Everything</h2>
<p>The best fit is the one that feels made for you.</p>
<p>Chika's flexible shaft adapts to your body instead of asking your body to adapt to it. Its curved head delivers targeted stimulation, while the independent external stimulator creates balanced sensations from multiple angles.</p>
<p>Add app control, customizable vibration patterns, and soothing warmth, and Chika becomes a toy that feels uniquely personal every time you use it.</p>
<p>Comfortable.</p>
<p>Flexible.</p>
<p>Unexpectedly powerful.</p>
<hr>
<h2>Frequently Asked Questions</h2>
<h3>What is SVAKOM Chika?</h3>
<p>SVAKOM Chika is an app-controlled flexible rabbit vibrator featuring dual stimulation, customizable vibration settings, and a warming function.</p>
<h3>What makes Chika different from other rabbit vibrators?</h3>
<p>Chika features a highly flexible shaft that adapts to different body shapes, helping users find a more comfortable fit.</p>
<h3>Does Chika have a heating function?</h3>
<p>Yes. Chika includes an independent heating feature that warms the shaft head to approximately body temperature (38°C).</p>
<h3>Is Chika app controlled?</h3>
<p>Yes. Chika connects to the SVAKOM App for customized vibration patterns, long-distance control, and interactive features.</p>
<h3>Is Chika suitable for beginners?</h3>
<p>Yes. Its slim profile, flexible design, and adjustable intensity levels make it approachable for many users.</p>
<h3>How many vibration settings does Chika have?</h3>
<p>Chika offers multiple vibration modes, intensity levels, and an intelligent rhythm mode for added variety.</p>
<h3>Is Chika waterproof?</h3>
<p>Yes. Chika is IPX7 waterproof for easy cleaning and bath-friendly use.</p>
<h3>What material is Chika made from?</h3>
<p>Chika is made from premium liquid silicone designed to feel soft and comfortable against the skin.</p>
<h3>Does Chika include a travel lock?</h3>
<p>Yes. Chika includes a travel lock feature that helps prevent accidental activation during travel.</p>
<h3>Why do people love Chika?</h3>
<p>Many users enjoy Chika because its flexibility, warmth, and dual stimulation create a more personalized experience.</p>
<!---->",media/strong-flexible-rabbit-vibrator/SA375A_1.webp|media/strong-flexible-rabbit-vibrator/SA375A_2.webp|media/strong-flexible-rabbit-vibrator/SA375A_3.webp|media/strong-flexible-rabbit-vibrator/SA375A_4.webp|media/strong-flexible-rabbit-vibrator/SA375A_5.webp|media/strong-flexible-rabbit-vibrator/SA375A_6.webp|media/strong-flexible-rabbit-vibrator/SA375A_7.webp|media/strong-flexible-rabbit-vibrator/SA375A_8.webp|media/strong-flexible-rabbit-vibrator/SA375A_9.webp|media/strong-flexible-rabbit-vibrator/SA375A_10.webp|media/strong-flexible-rabbit-vibrator/SA375A_11.webp|media/strong-flexible-rabbit-vibrator/SA375A_12.webp,https://cdn.shopify.com/s/files/1/0659/3334/4986/files/Chika_svakom_1_3fd1af6e-7047-4a66-8f55-2fad452d44d0.webp|https://cdn.shopify.com/s/files/1/0659/3334/4986/files/CHIKA_GIF.webp|https://cdn.shopify.com/s/files/1/0659/3334/4986/files/Chika_svakom_2.webp|https://cdn.shopify.com/s/files/1/0659/3334/4986/files/Chika_svakom_3.webp|https://cdn.shopify.com/s/files/1/0659/3334/4986/files/Chika_svakom_4.webp|https://cdn.shopify.com/s/files/1/0659/3334/4986/files/Chika_svakom_5.webp|https://cdn.shopify.com/s/files/1/0659/3334/4986/files/Chika_svakom_6.webp|https://cdn.shopify.com/s/files/1/0659/3334/4986/files/Chika_svakom_7.webp|https://cdn.shopify.com/s/files/1/0659/3334/4986/files/Chika_svakom_8.webp|https://cdn.shopify.com/s/files/1/0659/3334/4986/files/Chika_svakom_10.webp|https://cdn.shopify.com/s/files/1/0659/3334/4986/files/Chika.webp|https://cdn.shopify.com/s/files/1/0659/3334/4986/files/Chika_svakom_9.webp,12,1,SA375A,73.95,73.95,"[{""sku"": ""SA375A"", ""title"": ""Turquoise Grey"", ""price"": ""73.95"", ""compare_at_price"": ""86.95"", ""available"": true, ""weight_grams"": 0}]"
8245607366874,MORA NEO,rabbit-vibrator,https://www.svakom.com/products/rabbit-vibrator,G-Spot Vibrators,"All Products, app-controlled sex toys, bluetooth control, bluetooth vibrator, female sex toys, g-spot vibrators, lesbian sex toys, Rabbit Vibrators, sex toys, Valentines Day, Verishop, vibrators, video interactive sex toys, webcam interactive sex toys","Dual Motion, Naturally In Sync

Mora Neo was designed to create a more dynamic and layered stimulation experience through its rabbit-style dual action. It combines internal and external movement in a way that feels synchronized and fluid, allowing sensations to build naturally over time. With upgraded responsiveness, Mora Neo brings a more expressive and intuitive rhythm to classic rabbit design.

Frequently Asked Questions

What is SVAKOM Mora Neo?
SVAKOM Mora Neo is a rabbit-style vibrator designed for dual stimulation.

What makes it different?
It combines internal and external stimulation with improved responsiveness.

Is it suitable for beginners?
Yes. It includes simple modes and easy controls.

Can I adjust intensity?
Yes. It offers multiple vibration levels.

Is it quiet?
Yes. It is designed for low-noise operation.","<h2 data-section-id=""1dnt5f3"" data-start=""1017"" data-end=""1050"" class=""PDq2pG_selectionAnchorContainer"">Dual Motion, Naturally In Sync<span aria-hidden=""true"" class=""PDq2pG_selectionAnchor""></span>
</h2>
<p data-start=""1052"" data-end=""1419"">Mora Neo was designed to create a more dynamic and layered stimulation experience through its rabbit-style dual action. It combines internal and external movement in a way that feels synchronized and fluid, allowing sensations to build naturally over time. With upgraded responsiveness, Mora Neo brings a more expressive and intuitive rhythm to classic rabbit design.</p>
<hr data-start=""1421"" data-end=""1424"">
<h2 data-section-id=""1r8frcv"" data-start=""1426"" data-end=""1455"">Frequently Asked Questions</h2>
<p data-start=""1457"" data-end=""1561""><strong data-start=""1457"" data-end=""1485"">What is SVAKOM Mora Neo?</strong><br data-start=""1485"" data-end=""1488"">SVAKOM Mora Neo is a rabbit-style vibrator designed for dual stimulation.</p>
<p data-start=""1563"" data-end=""1669""><strong data-start=""1563"" data-end=""1591"">What makes it different?</strong><br data-start=""1591"" data-end=""1594"">It combines internal and external stimulation with improved responsiveness.</p>
<p data-start=""1671"" data-end=""1755""><strong data-start=""1671"" data-end=""1704"">Is it suitable for beginners?</strong><br data-start=""1704"" data-end=""1707"">Yes. It includes simple modes and easy controls.</p>
<p data-start=""1757"" data-end=""1828""><strong data-start=""1757"" data-end=""1784"">Can I adjust intensity?</strong><br data-start=""1784"" data-end=""1787"">Yes. It offers multiple vibration levels.</p>
<p data-start=""1830"" data-end=""1893""><strong data-start=""1830"" data-end=""1846"">Is it quiet?</strong><br data-start=""1846"" data-end=""1849"">Yes. It is designed for low-noise operation.</p>
<!---->",media/rabbit-vibrator/SA376A_1.webp|media/rabbit-vibrator/SA376A_2.webp|media/rabbit-vibrator/SA376A_3.webp|media/rabbit-vibrator/SA376A_4.webp|media/rabbit-vibrator/SA376A_5.webp|media/rabbit-vibrator/SA376A_6.webp|media/rabbit-vibrator/SA376A_7.webp|media/rabbit-vibrator/SA376A_8.webp|media/rabbit-vibrator/SA376A_9.webp|media/rabbit-vibrator/SA376A_10.webp|media/rabbit-vibrator/SA376A_11.webp|media/rabbit-vibrator/SA376A_12.webp|media/rabbit-vibrator/SA376A_13.webp,https://cdn.shopify.com/s/files/1/0659/3334/4986/files/Mora_Neo_svakom_1.webp|https://cdn.shopify.com/s/files/1/0659/3334/4986/files/MORA-NEO_GIF.webp|https://cdn.shopify.com/s/files/1/0659/3334/4986/files/Mora_Neo_svakom_2.webp|https://cdn.shopify.com/s/files/1/0659/3334/4986/files/Mora_Neo_svakom_3.webp|https://cdn.shopify.com/s/files/1/0659/3334/4986/files/Mora_Neo_svakom_4.webp|https://cdn.shopify.com/s/files/1/0659/3334/4986/files/Mora_Neo_svakom_5.webp|https://cdn.shopify.com/s/files/1/0659/3334/4986/files/Mora_Neo_svakom_6.webp|https://cdn.shopify.com/s/files/1/0659/3334/4986/files/Mora_Neo_svakom_7.webp|https://cdn.shopify.com/s/files/1/0659/3334/4986/files/Mora_Neo_svakom_8.webp|https://cdn.shopify.com/s/files/1/0659/3334/4986/files/Mora_Neo_svakom_9.webp|https://cdn.shopify.com/s/files/1/0659/3334/4986/files/Mora_Neo_svakom_11.webp|https://cdn.shopify.com/s/files/1/0659/3334/4986/files/Mora-Neo.webp|https://cdn.shopify.com/s/files/1/0659/3334/4986/files/Mora_Neo_svakom_10.webp,13,1,SA376A,78.95,78.95,"[{""sku"": ""SA376A"", ""title"": ""Peach Pink"", ""price"": ""78.95"", ""compare_at_price"": null, ""available"": true, ""weight_grams"": 454}]"
8164080222426,PULSE GALAXIE,starlight-clitoral-stimulator,https://www.svakom.com/products/starlight-clitoral-stimulator,Clitoral Vibrators,"awards, clit sucker, pulse stimulator, suction, Verishop",,<!---->,media/starlight-clitoral-stimulator/SA296A-ML_1.png|media/starlight-clitoral-stimulator/SA296A-ML_2.webp|media/starlight-clitoral-stimulator/SA296A-ML_3.png|media/starlight-clitoral-stimulator/SA296A-ML_4.png|media/starlight-clitoral-stimulator/SA296A-ML_5.png|media/starlight-clitoral-stimulator/SA296A-ML_6.png|media/starlight-clitoral-stimulator/SA296A-ML_7.png|media/starlight-clitoral-stimulator/SA296A-ML_8.png|media/starlight-clitoral-stimulator/SA296A-ML_9.png|media/starlight-clitoral-stimulator/SA296A-ML_10.png|media/starlight-clitoral-stimulator/SA296A-ML_11.webp,https://cdn.shopify.com/s/files/1/0659/3334/4986/files/PULSE-GALAXIE-A_85b59f4b-9dab-4b97-bab6-c79086e8e028.png|https://cdn.shopify.com/s/files/1/0659/3334/4986/files/PULSE-GALAXIE_GIF.webp|https://cdn.shopify.com/s/files/1/0659/3334/4986/files/PULSE-GALAXIE-B_bb0468ef-6716-4c32-b562-48d65b429e4b.png|https://cdn.shopify.com/s/files/1/0659/3334/4986/files/PULSE-GALAXIE-Svakom-Store-136044622.png|https://cdn.shopify.com/s/files/1/0659/3334/4986/files/PULSE-GALAXIE-Svakom-Store-136044859.png|https://cdn.shopify.com/s/files/1/0659/3334/4986/files/PULSE-GALAXIE-Svakom-Store-136044923.png|https://cdn.shopify.com/s/files/1/0659/3334/4986/files/PULSE-GALAXIE-Svakom-Store-136045092.png|https://cdn.shopify.com/s/files/1/0659/3334/4986/files/PULSE-GALAXIE-Svakom-Store-136045187.png|https://cdn.shopify.com/s/files/1/0659/3334/4986/files/PULSE-GALAXIE-Svakom-Store-136045344.png|https://cdn.shopify.com/s/files/1/0659/3334/4986/files/PULSE-GALAXIE-Svakom-Store-136045415.png|https://cdn.shopify.com/s/files/1/0659/3334/4986/files/Pulse-Galaxie.webp,11,2,SA296A-ML|SA296A-MB,62.95,62.95,"[{""sku"": ""SA296A-ML"", ""title"": ""Metallic Lilac"", ""price"": ""62.95"", ""compare_at_price"": ""95.95"", ""available"": false, ""weight_grams"": 340}, {""sku"": ""SA296A-MB"", ""title"": ""Midnight Black"", ""price"": ""62.95"", ""compare_at_price"": ""95.95"", ""available"": false, ""weight_grams"": 340}]"
8037815779546,SVAKOM TOTE BAG,svakom-tote-bag,https://www.svakom.com/products/svakom-tote-bag,Accessories,"Accessories, All Products","Take your pleasure everywhere.

The SVAKOM Tote Bag is a reusable canvas carry-all designed for those who explore their limits—in and out of the bedroom. Featuring our signature branding and a soft rainbow gradient in celebration of the global LGBTQI+ community, this unisex tote adds a playful touch to any outfit.

With two sturdy straps and enough space for your essentials (or your favorite toys), it's your everyday companion for errands, escapades, and everything in-between.","<p data-start=""232"" data-end=""266"" class=""""><strong data-start=""232"" data-end=""266"">Take your pleasure everywhere.</strong></p>
<p data-start=""268"" data-end=""716"" class="""">The SVAKOM Tote Bag is a reusable canvas carry-all designed for those who explore their limits—in and out of the bedroom. Featuring our signature branding and a soft rainbow gradient in celebration of the global LGBTQI+ community, this unisex tote adds a playful touch to any outfit.</p>
<p data-start=""268"" data-end=""716"" class="""">With two sturdy straps and enough space for your essentials (or your favorite toys), it's your everyday companion for errands, escapades, and everything in-between. </p>",media/svakom-tote-bag/svakom-tote-bag_1.png|media/svakom-tote-bag/svakom-tote-bag_2.jpg|media/svakom-tote-bag/svakom-tote-bag_3.png|media/svakom-tote-bag/svakom-tote-bag_4.png,https://cdn.shopify.com/s/files/1/0659/3334/4986/files/glow_your_own_way_tote_bag_svakom.png|https://cdn.shopify.com/s/files/1/0659/3334/4986/files/pleasure_is_art.jpg|https://cdn.shopify.com/s/files/1/0659/3334/4986/files/a5d3b2bb3a82281af18dfd28ade6d7da.png|https://cdn.shopify.com/s/files/1/0659/3334/4986/files/SVAKOM-TOTE-BAG-Svakom-136040895.png,4,1,,17.95,17.95,"[{""sku"": """", ""title"": ""Default Title"", ""price"": ""17.95"", ""compare_at_price"": null, ""available"": false, ""weight_grams"": 250}]"
8037739856090,SVAKOM SOCKS,svakom-socks,https://www.svakom.com/products/svakom-socks,Accessories,"Accessories, All Products","Step into softness with our SVAKOM socks, now refreshed in our signature lavender. Crafted from breathable cotton with a gentle stretch, these socks bring comfort, warmth, and a little personality into every step.

Featuring playful 'BUT FIRST'/'PLEASURE' text and subtle SVAKOM branding, they add a fun, modern twist to your everyday essentials.

Simple, stylish, and designed for everyone.","<p data-start=""965"" data-end=""1323"">Step into softness with our SVAKOM socks, now refreshed in our signature lavender. Crafted from breathable cotton with a gentle stretch, these socks bring comfort, warmth, and a little personality into every step.<br data-start=""1185"" data-end=""1188""></p>
<p data-start=""965"" data-end=""1323"">Featuring playful 'BUT FIRST'/'PLEASURE' text and subtle SVAKOM branding, they add a fun, modern twist to your everyday essentials.</p>
<p data-start=""1325"" data-end=""1368"">Simple, stylish, and designed for everyone. </p>
<!---->",media/svakom-socks/socks_1.jpg,https://cdn.shopify.com/s/files/1/0659/3334/4986/files/svakom_socks_carousel_picture.jpg,1,1,socks,8.95,8.95,"[{""sku"": ""socks"", ""title"": ""Default Title"", ""price"": ""8.95"", ""compare_at_price"": ""14.95"", ""available"": true, ""weight_grams"": 45}]"
7981413826778,ERICA,wearable-vibrator,https://www.svakom.com/products/wearable-vibrator,Prostate Massagers,"All Products, Anal Toys, app-controlled sex toys, beginner's sex toys, Best Sellers, bluetooth control, bluetooth vibrator, clitoral vibrators, female sex toys, g-spot vibrators, gay sex toys, gender neutral, lesbian sex toys, LGBT sex toys, Male Sex Toys, perineal, Perineum Toys, perineum vibrators, prostate vibrators, sex toys, Valentines Day, Verishop, vibrators, wearable vibrator","Designed to Stay With You, Not Around You

Erica was created for users who want stimulation that moves naturally with their body rather than staying static. Its wearable design allows it to be integrated into daily movement, creating a subtle, ongoing sensation experience. Minimal, comfortable, and intuitive, Erica focuses on freedom of motion while maintaining consistent stimulation.

Frequently Asked Questions

What is SVAKOM Erica?
SVAKOM Erica is a wearable vibrator designed for hands-free, movement-based stimulation.

Can it be worn during activity?
Yes. It is designed to stay in place during movement.

Is it comfortable for long wear?
Yes. It uses soft materials for extended comfort.

Does it have multiple modes?
Yes. It includes different vibration patterns and intensities.

Is it discreet?
Yes. It is designed to be low-profile and quiet.

Is it rechargeable?
Yes. It uses USB charging.","<h2 data-section-id=""cg2o5m"" data-start=""4223"" data-end=""4267"" class=""PDq2pG_selectionAnchorContainer"">Designed to Stay With You, Not Around You<span aria-hidden=""true"" class=""PDq2pG_selectionAnchor""></span>
</h2>
<p data-start=""4269"" data-end=""4613"">Erica was created for users who want stimulation that moves naturally with their body rather than staying static. Its wearable design allows it to be integrated into daily movement, creating a subtle, ongoing sensation experience. Minimal, comfortable, and intuitive, Erica focuses on freedom of motion while maintaining consistent stimulation.</p>
<hr data-start=""4615"" data-end=""4618"">
<h2 data-section-id=""1r8frcv"" data-start=""4620"" data-end=""4649"">Frequently Asked Questions</h2>
<p data-start=""4651"" data-end=""4767""><strong data-start=""4651"" data-end=""4676"">What is SVAKOM Erica?</strong><br data-start=""4676"" data-end=""4679"">SVAKOM Erica is a wearable vibrator designed for hands-free, movement-based stimulation.</p>
<p data-start=""4769"" data-end=""4860""><strong data-start=""4769"" data-end=""4804"">Can it be worn during activity?</strong><br data-start=""4804"" data-end=""4807"">Yes. It is designed to stay in place during movement.</p>
<p data-start=""4862"" data-end=""4950""><strong data-start=""4862"" data-end=""4898"">Is it comfortable for long wear?</strong><br data-start=""4898"" data-end=""4901"">Yes. It uses soft materials for extended comfort.</p>
<p data-start=""4952"" data-end=""5049""><strong data-start=""4952"" data-end=""4984"">Does it have multiple modes?</strong><br data-start=""4984"" data-end=""4987"">Yes. It includes different vibration patterns and intensities.</p>
<p data-start=""5051"" data-end=""5121""><strong data-start=""5051"" data-end=""5070"">Is it discreet?</strong><br data-start=""5070"" data-end=""5073"">Yes. It is designed to be low-profile and quiet.</p>
<p data-start=""5123"" data-end=""5175""><strong data-start=""5123"" data-end=""5146"">Is it rechargeable?</strong><br data-start=""5146"" data-end=""5149"">Yes. It uses USB charging.</p>
<!---->",media/wearable-vibrator/SC015B_1.webp|media/wearable-vibrator/SC015B_2.webp|media/wearable-vibrator/SC015B_3.webp|media/wearable-vibrator/SC015B_4.webp|media/wearable-vibrator/SC015B_5.webp|media/wearable-vibrator/SC015B_6.webp|media/wearable-vibrator/SC015B_7.webp|media/wearable-vibrator/SC015B_8.webp|media/wearable-vibrator/SC015B_9.webp|media/wearable-vibrator/SC015B_10.webp|media/wearable-vibrator/SC015B_11.webp|media/wearable-vibrator/SC015B_12.webp|media/wearable-vibrator/SC015B_13.webp|media/wearable-vibrator/SC015B_14.webp,https://cdn.shopify.com/s/files/1/0659/3334/4986/files/Erica_svakom_1.webp|https://cdn.shopify.com/s/files/1/0659/3334/4986/files/ERICA_GIF.webp|https://cdn.shopify.com/s/files/1/0659/3334/4986/files/Erica_svakom_2.webp|https://cdn.shopify.com/s/files/1/0659/3334/4986/files/Erica_svakom_3.webp|https://cdn.shopify.com/s/files/1/0659/3334/4986/files/Erica_svakom_4.webp|https://cdn.shopify.com/s/files/1/0659/3334/4986/files/Erica_svakom_5.webp|https://cdn.shopify.com/s/files/1/0659/3334/4986/files/Erica_svakom_6.webp|https://cdn.shopify.com/s/files/1/0659/3334/4986/files/Erica_svakom_7.webp|https://cdn.shopify.com/s/files/1/0659/3334/4986/files/Erica_svakom_8.webp|https://cdn.shopify.com/s/files/1/0659/3334/4986/files/Erica_svakom_9.webp|https://cdn.shopify.com/s/files/1/0659/3334/4986/files/Erica_svakom_10.webp|https://cdn.shopify.com/s/files/1/0659/3334/4986/files/Erica_svakom_11.webp|https://cdn.shopify.com/s/files/1/0659/3334/4986/files/Erica.webp|https://cdn.shopify.com/s/files/1/0659/3334/4986/files/Erica_svakom_10_20fbd16a-b75c-4e81-a688-4f93cbf54ace.webp,14,2,SC015B|SC015A,78.95,78.95,"[{""sku"": ""SC015B"", ""title"": ""Dusty Blue"", ""price"": ""78.95"", ""compare_at_price"": null, ""available"": true, ""weight_grams"": 318}, {""sku"": ""SC015A"", ""title"": ""Romantic Rose"", ""price"": ""78.95"", ""compare_at_price"": null, ""available"": true, ""weight_grams"": 318}]"
7991586980058,SLEEVE - ALEX / ALEX NEO / ALEX NEO 2,sleeve-alex,https://www.svakom.com/products/sleeve-alex,Accessories,"Accessories, All Products, Christmas, male, sleeve",,<!---->,media/sleeve-alex/alexneosleeve2_1.webp|media/sleeve-alex/alexneosleeve2_2.jpg|media/sleeve-alex/alexneosleeve2_3.png|media/sleeve-alex/alexneosleeve2_4.png|media/sleeve-alex/alexneosleeve2_5.jpg|media/sleeve-alex/alexneosleeve2_6.jpg,https://cdn.shopify.com/s/files/1/0659/3334/4986/files/alex_series_sleeve_svakom.webp|https://cdn.shopify.com/s/files/1/0659/3334/4986/files/ALEX-NEO-2-Svakom-Store-136039274.jpg|https://cdn.shopify.com/s/files/1/0659/3334/4986/files/ALEX-NEO-2_d79cbc9f-d70b-4c77-a2cb-e44cfab6c83f.png|https://cdn.shopify.com/s/files/1/0659/3334/4986/files/1_d84e1a06-47e2-4aeb-a8cc-70351aab7738.png|https://cdn.shopify.com/s/files/1/0659/3334/4986/files/ALEX-NEO-2-Svakom-Store-136039041.jpg|https://cdn.shopify.com/s/files/1/0659/3334/4986/files/ALEX-NEO-2-Svakom-Store-136039163.jpg,6,1,alexneosleeve2,26.95,26.95,"[{""sku"": ""alexneosleeve2"", ""title"": ""White"", ""price"": ""26.95"", ""compare_at_price"": ""30.95"", ""available"": true, ""weight_grams"": 227}]"
7982837792986,SLEEVE - HANNES NEO,hannes-neo-sleeve,https://www.svakom.com/products/hannes-neo-sleeve,Accessories,"Accessories, All Products, male, sleeve","Sensational throbbing, incredible heat, breath-taking modes. Hannes Neo has it all. The expertly crafted TPE sleeve is the heart of Hannes Neo, offering unparalleled stimulation in the ways that make you beg for more. Keep your Hannes Neo fresh with a spare sleeve, ready for when it's time for a change.","Sensational throbbing, incredible heat, breath-taking modes. Hannes Neo has it all. The expertly crafted TPE sleeve is the heart of Hannes Neo, offering unparalleled stimulation in the ways that make you beg for more. Keep your Hannes Neo fresh with a spare sleeve, ready for when it's time for a change.",media/hannes-neo-sleeve/6959633101506_1.webp|media/hannes-neo-sleeve/6959633101506_2.png|media/hannes-neo-sleeve/6959633101506_3.png|media/hannes-neo-sleeve/6959633101506_4.png,https://cdn.shopify.com/s/files/1/0659/3334/4986/files/hannes_neo_sleeve_carousel_photo.webp|https://cdn.shopify.com/s/files/1/0659/3334/4986/files/SLEEVE-HANNES-NEO-Svakom-Store-136038880.png|https://cdn.shopify.com/s/files/1/0659/3334/4986/files/SLEEVE-HANNES-NEO-Svakom-Store-136038734.png|https://cdn.shopify.com/s/files/1/0659/3334/4986/files/SLEEVE-HANNES-NEO-Svakom-Store-136038679.png,4,1,6959633101506,26.95,26.95,"[{""sku"": ""6959633101506"", ""title"": ""Milk White"", ""price"": ""26.95"", ""compare_at_price"": ""30.95"", ""available"": true, ""weight_grams"": 227}]"
7913183707354,SVAKOM USB-A TO 3.5 MM CHARGING CABLE (BLACK),3-5-charging-cable-black,https://www.svakom.com/products/3-5-charging-cable-black,Accessories,"Accessories, All Products","Buy SVAKOM - 3.5mm (BLACK) CHARGING CABLE - Online Shop.

Charger compatibility:
Sam Neo,
Sam Neo2
Robin,
Hannes Neo,
Alex
Alex Neo
Alex Neo 2","<p>Buy SVAKOM - 3.5mm (BLACK) CHARGING CABLE - Online Shop.<br></p>
<p>Charger compatibility:<br>Sam Neo,<br>Sam Neo2<br>Robin,<br>Hannes Neo,<br>Alex<br>Alex Neo<br>Alex Neo 2<span></span></p>",media/3-5-charging-cable-black/3.5 CHARGING CABLE (BLACK)_1.webp|media/3-5-charging-cable-black/3.5 CHARGING CABLE (BLACK)_2.jpg,https://cdn.shopify.com/s/files/1/0659/3334/4986/files/3.5mm_black_carousel_photo.webp|https://cdn.shopify.com/s/files/1/0659/3334/4986/files/SVAKOM-Charger-USB-A-to-3.5mm_Black_-Charging-Cable-for-SVAKOM-Sex-Toys-Svakom-Store-136035857.jpg,2,1,3.5 CHARGING CABLE (BLACK),17.95,17.95,"[{""sku"": ""3.5 CHARGING CABLE (BLACK)"", ""title"": ""Default Title"", ""price"": ""17.95"", ""compare_at_price"": null, ""available"": true, ""weight_grams"": 57}]"
7890609897690,HANNES NEO,heating-male-masturbator,https://www.svakom.com/products/heating-male-masturbator,Vibrators,"All Products, app-controlled sex toys, beginner's sex toys, bluetooth control, bluetooth vibrator, Connexion Series, heating, Male Sex Toys, masturbators, sex toys, svakom masturbator, Valentines Day, Verishop, video interactive sex toys, webcam interactive sex toys","Warmth Meets Rhythm

The best experiences build gradually.

Hannes Neo combines deep pulsating motion with soothing warmth, creating a sensation that feels immersive from the very beginning. Its plush textured sleeve surrounds the shaft while rhythmic throbbing patterns and app-controlled customization help create an experience tailored to your preferences.

Powerful.

Comforting.

Entirely your own.

Frequently Asked Questions

What is SVAKOM Hannes Neo?

SVAKOM Hannes Neo is an interactive masturbator that combines pulsating motion, warmth, and app-controlled functionality.

What makes Hannes Neo different from other masturbators?

Hannes Neo combines heating technology and rhythmic throbbing motion rather than relying on vibration alone.

Does Hannes Neo have a heating function?

Yes. Hannes Neo includes warming technology designed to create a more comfortable and immersive experience.

What type of stimulation does Hannes Neo provide?

Hannes Neo uses pulsating and throbbing movement through a soft textured sleeve.

Is Hannes Neo app controlled?

Yes. The device connects to the SVAKOM App for custom settings and remote interaction.

How many modes does Hannes Neo have?

Hannes Neo offers 5 pulsating modes and 5 intensity levels.

Is the sleeve removable?

Yes. The internal sleeve can be removed for cleaning and maintenance.

Is Hannes Neo waterproof?

Only the sleeve is waterproof. The main electronic unit should not be submerged.

How long does the battery last?

A full charge provides approximately 1 hour of usage time.

Why do people love Hannes Neo?

Many users enjoy the combination of warmth, pulsation, app control, and the soft textured sleeve that creates a more immersive experience.","<h2>Warmth Meets Rhythm</h2>
<p>The best experiences build gradually.</p>
<p>Hannes Neo combines deep pulsating motion with soothing warmth, creating a sensation that feels immersive from the very beginning. Its plush textured sleeve surrounds the shaft while rhythmic throbbing patterns and app-controlled customization help create an experience tailored to your preferences.</p>
<p>Powerful.</p>
<p>Comforting.</p>
<p>Entirely your own.</p>
<hr>
<h2>Frequently Asked Questions</h2>
<h3>What is SVAKOM Hannes Neo?</h3>
<p>SVAKOM Hannes Neo is an interactive masturbator that combines pulsating motion, warmth, and app-controlled functionality.</p>
<h3>What makes Hannes Neo different from other masturbators?</h3>
<p>Hannes Neo combines heating technology and rhythmic throbbing motion rather than relying on vibration alone.</p>
<h3>Does Hannes Neo have a heating function?</h3>
<p>Yes. Hannes Neo includes warming technology designed to create a more comfortable and immersive experience.</p>
<h3>What type of stimulation does Hannes Neo provide?</h3>
<p>Hannes Neo uses pulsating and throbbing movement through a soft textured sleeve.</p>
<h3>Is Hannes Neo app controlled?</h3>
<p>Yes. The device connects to the SVAKOM App for custom settings and remote interaction.</p>
<h3>How many modes does Hannes Neo have?</h3>
<p>Hannes Neo offers 5 pulsating modes and 5 intensity levels.</p>
<h3>Is the sleeve removable?</h3>
<p>Yes. The internal sleeve can be removed for cleaning and maintenance.</p>
<h3>Is Hannes Neo waterproof?</h3>
<p>Only the sleeve is waterproof. The main electronic unit should not be submerged.</p>
<h3>How long does the battery last?</h3>
<p>A full charge provides approximately 1 hour of usage time.</p>
<h3>Why do people love Hannes Neo?</h3>
<p>Many users enjoy the combination of warmth, pulsation, app control, and the soft textured sleeve that creates a more immersive experience.</p>
<!---->",media/heating-male-masturbator/SF020A_1.png|media/heating-male-masturbator/SF020A_2.webp|media/heating-male-masturbator/SF020A_3.webp|media/heating-male-masturbator/SF020A_4.webp|media/heating-male-masturbator/SF020A_5.webp|media/heating-male-masturbator/SF020A_6.webp|media/heating-male-masturbator/SF020A_7.webp|media/heating-male-masturbator/SF020A_8.webp|media/heating-male-masturbator/SF020A_9.webp|media/heating-male-masturbator/SF020A_10.webp|media/heating-male-masturbator/SF020A_11.webp|media/heating-male-masturbator/SF020A_12.webp|media/heating-male-masturbator/SF020A_13.webp,https://cdn.shopify.com/s/files/1/0659/3334/4986/files/hannes_neo_main_picture_1104_svakom.png|https://cdn.shopify.com/s/files/1/0659/3334/4986/files/HANNES-NEO_GIF.webp|https://cdn.shopify.com/s/files/1/0659/3334/4986/files/Hannes_Neo_svakom_2.webp|https://cdn.shopify.com/s/files/1/0659/3334/4986/files/Hannes_Neo_svakom_3.webp|https://cdn.shopify.com/s/files/1/0659/3334/4986/files/Hannes_Neo_svakom_4.webp|https://cdn.shopify.com/s/files/1/0659/3334/4986/files/Hannes_Neo_svakom_5.webp|https://cdn.shopify.com/s/files/1/0659/3334/4986/files/Hannes_Neo_svakom_6.webp|https://cdn.shopify.com/s/files/1/0659/3334/4986/files/Hannes_Neo_svakom_7.webp|https://cdn.shopify.com/s/files/1/0659/3334/4986/files/Hannes_Neo_svakom_8.webp|https://cdn.shopify.com/s/files/1/0659/3334/4986/files/Hannes_Neo_svakom_9.webp|https://cdn.shopify.com/s/files/1/0659/3334/4986/files/Hannes_Neo_svakom_10.webp|https://cdn.shopify.com/s/files/1/0659/3334/4986/files/Hannes_Neo.webp|https://cdn.shopify.com/s/files/1/0659/3334/4986/files/Hannes_Neo_svakom_11.webp,13,1,SF020A,134.00,134.00,"[{""sku"": ""SF020A"", ""title"": ""Dark Blue"", ""price"": ""134.00"", ""compare_at_price"": null, ""available"": true, ""weight_grams"": 1814}]"
7877194088666,PHOENIX NEO 2,egg-vibrator,https://www.svakom.com/products/egg-vibrator,Wearable Vibrators,"All Products, app-controlled sex toys, Apps Controlled Toys, awards, beginner's sex toys, bluetooth control, bluetooth vibrator, bullet, female sex toys, Foreplay Toys, foreplay vibrators, lesbian sex toys, sex toys, Valentines Day, vibrators, video interactive sex toys, wearable vibrator","Small Enough To Hide. Powerful Enough To Remember.

Great things don't always need to be seen.

Phoenix Neo 2 combines discreet size with surprisingly powerful vibration, allowing you to enjoy personalized stimulation wherever and whenever you choose. The smooth egg-shaped design feels comfortable against the body, while app connectivity opens up a world of interactive possibilities.

From solo exploration to long-distance connection, Phoenix Neo 2 proves that something small can still make a lasting impression.

Compact by design.

Limitless by imagination.

Frequently Asked Questions

What is SVAKOM Phoenix Neo 2?

SVAKOM Phoenix Neo 2 is an app-controlled egg vibrator designed for discreet wearable stimulation and interactive partner play.

What makes Phoenix Neo 2 different from other egg vibrators?

Phoenix Neo 2 combines app control, long-distance interaction, customizable vibration settings, and a unique illuminated tail design.

Is Phoenix Neo 2 app controlled?

Yes. Users can connect Phoenix Neo 2 to the SVAKOM App for customized control, remote interaction, and content synchronization features.

Can long-distance partners control Phoenix Neo 2?

Yes. The SVAKOM App allows invited partners to control settings remotely from virtually anywhere.

How many vibration modes does Phoenix Neo 2 have?

Phoenix Neo 2 offers 11 vibration patterns for varied experiences.

Is Phoenix Neo 2 waterproof?

Yes. Phoenix Neo 2 is IPX7 waterproof and suitable for bath and shower use.

How long does the battery last?

Phoenix Neo 2 provides up to approximately 4.5 hours of playtime on a full charge.

Why do people love Phoenix Neo 2?

Users appreciate its discreet size, strong vibration, app connectivity, and long-distance interaction capabilities.","<h2>Small Enough To Hide. Powerful Enough To Remember.</h2>
<p>Great things don't always need to be seen.</p>
<p>Phoenix Neo 2 combines discreet size with surprisingly powerful vibration, allowing you to enjoy personalized stimulation wherever and whenever you choose. The smooth egg-shaped design feels comfortable against the body, while app connectivity opens up a world of interactive possibilities.</p>
<p>From solo exploration to long-distance connection, Phoenix Neo 2 proves that something small can still make a lasting impression.</p>
<p>Compact by design.</p>
<p>Limitless by imagination.</p>
<hr>
<h2>Frequently Asked Questions</h2>
<h3>What is SVAKOM Phoenix Neo 2?</h3>
<p>SVAKOM Phoenix Neo 2 is an app-controlled egg vibrator designed for discreet wearable stimulation and interactive partner play.</p>
<h3>What makes Phoenix Neo 2 different from other egg vibrators?</h3>
<p>Phoenix Neo 2 combines app control, long-distance interaction, customizable vibration settings, and a unique illuminated tail design.</p>
<h3>Is Phoenix Neo 2 app controlled?</h3>
<p>Yes. Users can connect Phoenix Neo 2 to the SVAKOM App for customized control, remote interaction, and content synchronization features.</p>
<h3>Can long-distance partners control Phoenix Neo 2?</h3>
<p>Yes. The SVAKOM App allows invited partners to control settings remotely from virtually anywhere.</p>
<h3>How many vibration modes does Phoenix Neo 2 have?</h3>
<p>Phoenix Neo 2 offers 11 vibration patterns for varied experiences.</p>
<h3>Is Phoenix Neo 2 waterproof?</h3>
<p>Yes. Phoenix Neo 2 is IPX7 waterproof and suitable for bath and shower use.</p>
<h3>How long does the battery last?</h3>
<p>Phoenix Neo 2 provides up to approximately 4.5 hours of playtime on a full charge.</p>
<h3>Why do people love Phoenix Neo 2?</h3>
<p>Users appreciate its discreet size, strong vibration, app connectivity, and long-distance interaction capabilities.</p>
<!---->",media/egg-vibrator/S94P-RD_1.webp|media/egg-vibrator/S94P-RD_2.webp|media/egg-vibrator/S94P-RD_3.webp|media/egg-vibrator/S94P-RD_4.webp|media/egg-vibrator/S94P-RD_5.webp|media/egg-vibrator/S94P-RD_6.webp|media/egg-vibrator/S94P-RD_7.webp|media/egg-vibrator/S94P-RD_8.webp|media/egg-vibrator/S94P-RD_9.webp|media/egg-vibrator/S94P-RD_10.webp|media/egg-vibrator/S94P-RD_11.webp,https://cdn.shopify.com/s/files/1/0659/3334/4986/files/Phoenix_Neo_2_svakom_2.webp|https://cdn.shopify.com/s/files/1/0659/3334/4986/files/PHOENIX-NEO-2_GIF.webp|https://cdn.shopify.com/s/files/1/0659/3334/4986/files/Phoenix_Neo_2_svakom_1.webp|https://cdn.shopify.com/s/files/1/0659/3334/4986/files/Phoenix_Neo_2_svakom_3.webp|https://cdn.shopify.com/s/files/1/0659/3334/4986/files/Phoenix_Neo_2_svakom_4.webp|https://cdn.shopify.com/s/files/1/0659/3334/4986/files/Phoenix_Neo_2_svakom_5.webp|https://cdn.shopify.com/s/files/1/0659/3334/4986/files/Phoenix_Neo_2_svakom_6.webp|https://cdn.shopify.com/s/files/1/0659/3334/4986/files/Phoenix_Neo_2_svakom_7.webp|https://cdn.shopify.com/s/files/1/0659/3334/4986/files/Phoenix_Neo_2_svakom_8.webp|https://cdn.shopify.com/s/files/1/0659/3334/4986/files/Phoenix_Neo_2.webp|https://cdn.shopify.com/s/files/1/0659/3334/4986/files/Phoenix_Neo_2_svakom_9.webp,11,2,S94P-RD|S94P-PL,83.95,104.95,"[{""sku"": ""S94P-RD"", ""title"": ""Red"", ""price"": ""104.95"", ""compare_at_price"": null, ""available"": true, ""weight_grams"": 255}, {""sku"": ""S94P-PL"", ""title"": ""Pastel Lilac"", ""price"": ""83.95"", ""compare_at_price"": ""104.95"", ""available"": true, ""weight_grams"": 255}]"
7864527585498,SLEEVE - ROBIN,robin-sleeve,https://www.svakom.com/products/robin-sleeve,Accessories,"Accessories, All Products, male, sleeve","Crafted from ultra-soft TPE and designed to create lip-biting pleasure with its textured body, Robin's sleeve enhances stimulation all over push you over the finish line towards an explosive climax.","<p>Crafted from ultra-soft TPE and designed to create lip-biting pleasure with its textured body, Robin's sleeve enhances stimulation all over push you over the finish line towards an explosive climax.  </p>",media/robin-sleeve/6959633134320_1.webp|media/robin-sleeve/6959633134320_2.jpg|media/robin-sleeve/6959633134320_3.jpg|media/robin-sleeve/6959633134320_4.jpg,https://cdn.shopify.com/s/files/1/0659/3334/4986/files/robin_sleeve_carousel_photo.webp|https://cdn.shopify.com/s/files/1/0659/3334/4986/files/SLEEVE-ROBIN-Svakom-Store-136033650.jpg|https://cdn.shopify.com/s/files/1/0659/3334/4986/files/SLEEVE-ROBIN-Svakom-Store-136033324.jpg|https://cdn.shopify.com/s/files/1/0659/3334/4986/files/SLEEVE-ROBIN-Svakom-Store-136033523.jpg,4,1,6959633134320,26.95,26.95,"[{""sku"": ""6959633134320"", ""title"": ""White"", ""price"": ""26.95"", ""compare_at_price"": ""30.95"", ""available"": true, ""weight_grams"": 283}]"
7837950738650,SVAKOM USB-A TO 2.0 MM CHARGING CABLE,2-0-charging-cable,https://www.svakom.com/products/2-0-charging-cable,Accessories,"Accessories, All Products","Buy SVAKOM -2.0mm Charging Cable - Online shop.

Charger compatibility:

• Keri
• Primo
• Vicky
• Julie
• Vick
• Vick Neo
• Nina
• Judy
• Billy
• Becky","<p>Buy SVAKOM -2.0mm Charging Cable - Online shop.</p>
<p>Charger compatibility:</p>
<p data-end=""822"" data-start=""113"">• <a class=""cursor-pointer"" rel=""noopener"" data-end=""159"" data-start=""115"">Keri</a><br data-end=""162"" data-start=""159"">• <a class=""cursor-pointer"" rel=""noopener"" data-end=""210"" data-start=""164"">Primo</a><br data-end=""213"" data-start=""210"">• <a class=""cursor-pointer"" rel=""noopener"" data-end=""261"" data-start=""215"">Vicky</a><br data-end=""264"" data-start=""261"">• <a class=""cursor-pointer"" rel=""noopener"" data-end=""312"" data-start=""266"">Julie</a><br data-end=""315"" data-start=""312"">• <a class=""cursor-pointer"" rel=""noopener"" data-end=""361"" data-start=""317"">Vick</a><br data-end=""364"" data-start=""361"">• <a class=""cursor-pointer"" rel=""noopener"" data-end=""418"" data-start=""366"">Vick Neo</a><br data-end=""472"" data-start=""469"">• <a class=""cursor-pointer"" rel=""noopener"" data-end=""518"" data-start=""474"">Nina</a><br data-end=""572"" data-start=""569"">• <a class=""cursor-pointer"" rel=""noopener"" data-end=""618"" data-start=""574"">Judy</a><br data-end=""723"" data-start=""720"">• <a class=""cursor-pointer"" rel=""noopener"" data-end=""771"" data-start=""725"">Billy</a><br data-end=""774"" data-start=""771"">• <a class=""cursor-pointer"" rel=""noopener"" data-end=""822"" data-start=""776"">Becky</a></p>",media/2-0-charging-cable/2.0 Charging Cable 3_1.webp|media/2-0-charging-cable/2.0 Charging Cable 3_2.jpg,https://cdn.shopify.com/s/files/1/0659/3334/4986/files/2.0mm_cable_carousel_photo.webp|https://cdn.shopify.com/s/files/1/0659/3334/4986/files/SVAKOM-Charger-USB-A-to-2.0mm-Charging-Cable-for-SVAKOM-Sex-Toys-Svakom-Store-136030545.jpg,2,1,2.0 Charging Cable 3,17.95,17.95,"[{""sku"": ""2.0 Charging Cable 3"", ""title"": ""Default Title"", ""price"": ""17.95"", ""compare_at_price"": null, ""available"": true, ""weight_grams"": 57}]"
7837924393178,SVAKOM USB-A TO 2.5 MM CHARGING CABLE,2-5-charging-cable,https://www.svakom.com/products/2-5-charging-cable,Accessories,"Accessories, All Products","Buy SVAKOM -2.5mm Charging Cable - Online shop.

Charger compatibility:

• Amy 2
• Edeny
• Echo 2
• Elmer
• Ella
• Ella Neo
• Elva
• Marin
• Nymph
• Siren
• Tammy
• Tulip
• Tyler
• Vesper
• Winni
• Winni 2
• Bonnie
• Wendy
• Beatrice","<p>Buy SVAKOM -2.5mm Charging Cable - Online shop.<br></p>
<p>Charger compatibility:</p>
<p>• Amy 2<br>• Edeny<br>• Echo 2<br>• Elmer<br>• Ella<br>• Ella Neo<br>• Elva<br>• Marin<br>• Nymph<br>• Siren<br>• Tammy<br>• Tulip<br>• Tyler<br>• Vesper<br>• Winni<br>• Winni 2<br>• Bonnie<br>• Wendy<br>• Beatrice</p>",media/2-5-charging-cable/2.5 CHARGING CABLE_1.webp|media/2-5-charging-cable/2.5 CHARGING CABLE_2.png,https://cdn.shopify.com/s/files/1/0659/3334/4986/files/2.5mm_cable_carousel_photo.webp|https://cdn.shopify.com/s/files/1/0659/3334/4986/files/SVAKOM-Charger-USB-A-to-2.5mm-Charging-Cable-for-SVAKOM-Sex-Toys-Svakom-Store-136030369.png,2,1,2.5 CHARGING CABLE,17.95,17.95,"[{""sku"": ""2.5 CHARGING CABLE"", ""title"": ""Default Title"", ""price"": ""17.95"", ""compare_at_price"": null, ""available"": true, ""weight_grams"": 57}]"
7837924229338,SVAKOM USB-A TO 3.5 MM CHARGING CABLE,3-5-charging-cable,https://www.svakom.com/products/3-5-charging-cable,Accessories,"Accessories, All Products","Buy SVAKOM - 3.5mm Charging Cable — Online Shop.

Charger compatibility:

Amy

Alice

Lorna

Echo

Rebecca

Cathy/Cherry

Betty

Barbara

Mini Emma

Emma

Siime Eye

Leo/Leslie

Lester

Adonis

Trysta

Cici/Coco

Cookie

Candy

Daisy

Sara

Anya

Angel","<p>Buy SVAKOM - 3.5mm Charging Cable — Online Shop.</p>
<p>Charger compatibility:<br></p>
<ul>
<li data-end=""159"" data-start=""154"">
<p data-end=""159"" data-start=""156""><a title=""Amy"" href=""https://www.svakom.com/products/g-spot-vibrator-amy"">Amy</a></p>
</li>
<li data-end=""201"" data-start=""160"">
<p data-end=""201"" data-start=""162""><a title=""Alice"" href=""https://www.svakom.com/products/alice""><span class=""relative -mx-px my-[-0.2rem] rounded px-px py-[0.2rem] transition-colors duration-100 ease-in-out"">Alice</span></a></p>
</li>
<li data-end=""243"" data-start=""202"">
<p data-end=""243"" data-start=""204""><a href=""https://www.svakom.com/products/lester-lorna-lucas""><span class=""relative -mx-px my-[-0.2rem] rounded px-px py-[0.2rem] transition-colors duration-100 ease-in-out"">Lorna</span></a><br></p>
</li>
<li data-end=""257"" data-start=""251"">
<p data-end=""257"" data-start=""253""><a href=""https://www.svakom.com/products/echo"" title=""Echo"">Echo</a></p>
</li>
<li data-end=""299"" data-start=""258"">
<p data-end=""299"" data-start=""260""><a href=""https://www.svakom.com/products/rebecca"" title=""Rebecca""><span class=""relative -mx-px my-[-0.2rem] rounded px-px py-[0.2rem] transition-colors duration-100 ease-in-out"">Rebecca</span></a></p>
</li>
<li data-end=""341"" data-start=""300"">
<p data-end=""341"" data-start=""302""><a href=""https://www.svakom.com/products/cathy"" title=""Cathy""><span class=""relative -mx-px my-[-0.2rem] rounded px-px py-[0.2rem] transition-colors duration-100 ease-in-out"">Cathy/Cherry</span></a></p>
</li>
<li data-end=""425"" data-start=""384"">
<p data-end=""425"" data-start=""386""><a href=""https://www.svakom.com/products/betty"" title=""Betty""><span class=""relative -mx-px my-[-0.2rem] rounded px-px py-[0.2rem] transition-colors duration-100 ease-in-out"">Betty</span></a></p>
</li>
<li data-end=""467"" data-start=""426"">
<p data-end=""467"" data-start=""428""><a href=""https://www.svakom.com/products/barbara"" title=""Barbara""><span class=""relative -mx-px my-[-0.2rem] rounded px-px py-[0.2rem] transition-colors duration-100 ease-in-out"">Barbara</span></a></p>
</li>
<li data-end=""551"" data-start=""510"">
<p data-end=""551"" data-start=""512""><a href=""https://www.svakom.com/products/wand-massager"" title=""Mini Emma""><span class=""relative -mx-px my-[-0.2rem] rounded px-px py-[0.2rem] transition-colors duration-100 ease-in-out"">Mini Emma</span></a></p>
</li>
<li data-end=""558"" data-start=""552"">
<p data-end=""558"" data-start=""554""><a href=""https://www.svakom.com/products/emma"" title=""Emma"">Emma</a></p>
</li>
<li data-end=""600"" data-start=""559"">
<p data-end=""600"" data-start=""561""><a href=""https://www.svakom.com/products/siime-eye"" title=""Siime Eye""><span class=""relative -mx-px my-[-0.2rem] rounded px-px py-[0.2rem] transition-colors duration-100 ease-in-out"">Siime Eye</span></a></p>
</li>
<li data-end=""606"" data-start=""601"">
<p data-end=""606"" data-start=""603""><a href=""https://www.svakom.com/products/leo"" title=""Leo"">Leo/Leslie</a></p>
</li>
<li data-end=""690"" data-start=""649"">
<p data-end=""690"" data-start=""651""><a href=""https://www.svakom.com/products/lester-lorna-lucas"" title=""Lester""><span class=""relative -mx-px my-[-0.2rem] rounded px-px py-[0.2rem] transition-colors duration-100 ease-in-out"">Lester</span></a></p>
</li>
<li data-end=""774"" data-start=""733"">
<p data-end=""774"" data-start=""735""><a href=""https://www.svakom.com/products/heating-rabbit-vibrator"" title=""Adonis""><span class=""relative -mx-px my-[-0.2rem] rounded px-px py-[0.2rem] transition-colors duration-100 ease-in-out"">Adonis</span></a></p>
</li>
<li data-end=""816"" data-start=""775"">
<p data-end=""816"" data-start=""777""><a href=""https://www.svakom.com/products/rabbit-vibrator-trysta"" title=""Trysta""><span class=""relative -mx-px my-[-0.2rem] rounded px-px py-[0.2rem] transition-colors duration-100 ease-in-out"">Trysta</span></a></p>
</li>
<li data-end=""823"" data-start=""817"">
<p data-end=""823"" data-start=""819""><a href=""https://www.svakom.com/products/vibrator-beginners"" title=""Cici"">Cici/Coco</a><br></p>
</li>
<li data-end=""872"" data-start=""831"">
<p data-end=""872"" data-start=""833""><a href=""https://www.svakom.com/products/cookie"" title=""Cookie""><span class=""relative -mx-px my-[-0.2rem] rounded px-px py-[0.2rem] transition-colors duration-100 ease-in-out"">Cookie</span></a></p>
</li>
<li data-end=""872"" data-start=""831"">
<p data-end=""872"" data-start=""833""><a href=""https://www.svakom.com/products/candy"" title=""Candy""><span class=""relative -mx-px my-[-0.2rem] rounded px-px py-[0.2rem] transition-colors duration-100 ease-in-out"">Candy</span></a></p>
</li>
<li data-end=""914"" data-start=""873"">
<p data-end=""914"" data-start=""875""><a href=""https://www.svakom.com/products/daisy"" title=""Daisy""><span class=""relative -mx-px my-[-0.2rem] rounded px-px py-[0.2rem] transition-colors duration-100 ease-in-out"">Daisy</span></a></p>
</li>
<li data-end=""921"" data-start=""915"">
<p data-end=""921"" data-start=""917""><a href=""https://www.svakom.com/products/sara"" title=""Sara"">Sara</a></p>
</li>
<li data-end=""928"" data-start=""922"">
<p data-end=""928"" data-start=""924""><a href=""https://www.svakom.com/products/dildo-vibrator"" title=""Anya"">Anya</a></p>
</li>
<li data-end=""1009"" data-start=""929"">
<p data-end=""1009"" data-start=""931""><a href=""https://www.svakom.com/products/flexible-heating-rabbit-vibrator"" title=""Angel""><span class=""relative -mx-px my-[-0.2rem] rounded px-px py-[0.2rem] transition-colors duration-100 ease-in-out"">Angel</span></a></p>
</li>
</ul>",media/3-5-charging-cable/3.5 CHARGING CABLE_1.webp|media/3-5-charging-cable/3.5 CHARGING CABLE_2.png,https://cdn.shopify.com/s/files/1/0659/3334/4986/files/3.5mm_white_cable_carousel_photo.webp|https://cdn.shopify.com/s/files/1/0659/3334/4986/files/SVAKOM-Charger-USB-A-to-3.5mm-Charging-Cable-for-SVAKOM-Sex-Toys-Svakom-Store-136030172.png,2,1,3.5 CHARGING CABLE,17.95,17.95,"[{""sku"": ""3.5 CHARGING CABLE"", ""title"": ""Default Title"", ""price"": ""17.95"", ""compare_at_price"": null, ""available"": true, ""weight_grams"": 57}]"
7736490459354,EDENY,clitoral-panty-vibrator,https://www.svakom.com/products/clitoral-panty-vibrator,Clitoral Vibrators,"All Products, app-controlled sex toys, app-controlled sex toys video, APP-controlled Toys, Apps Controlled Toys, beginner's sex toys, Best Sellers, bluetooth control, bluetooth vibrator, clitoral vibrators, female sex toys, lesbian sex toys, LimitedTimeSales, panty vibrator, Valentines Day, Verishop, vibrators, wearable vibrator","A Secret You Can Wear Anywhere

Edény was designed for those who enjoy discreet excitement that travels with them. Worn comfortably beneath clothing, it transforms subtle movement into hidden stimulation, creating a quiet connection between everyday life and private sensation. With remote control functionality, Edény brings a playful sense of unpredictability—where pleasure can be guided from anywhere, at any time.

Frequently Asked Questions

What is SVAKOM Edény?
SVAKOM Edény is a wearable clitoral panty vibrator designed for discreet, remote-controlled stimulation.

Can I wear it in public?
It is designed to be discreet under clothing for private use scenarios.

Does it support remote control?
Yes. It can be controlled remotely for interactive experiences.

Is it comfortable to wear?
Yes. It is designed with soft, body-friendly materials for extended wear.

Is it loud?
No. It is engineered for low-noise performance.

Is it rechargeable?
Yes. It uses USB charging.","<h2 data-section-id=""138siyv"" data-start=""1295"" data-end=""1328"" class=""PDq2pG_selectionAnchorContainer"">A Secret You Can Wear Anywhere<span aria-hidden=""true"" class=""PDq2pG_selectionAnchor""></span>
</h2>
<p data-start=""1330"" data-end=""1716"">Edény was designed for those who enjoy discreet excitement that travels with them. Worn comfortably beneath clothing, it transforms subtle movement into hidden stimulation, creating a quiet connection between everyday life and private sensation. With remote control functionality, Edény brings a playful sense of unpredictability—where pleasure can be guided from anywhere, at any time.</p>
<hr data-start=""1718"" data-end=""1721"">
<h2 data-section-id=""1r8frcv"" data-start=""1723"" data-end=""1752"">Frequently Asked Questions</h2>
<p data-start=""1754"" data-end=""1886""><strong data-start=""1754"" data-end=""1779"">What is SVAKOM Edény?</strong><br data-start=""1779"" data-end=""1782"">SVAKOM Edény is a wearable clitoral panty vibrator designed for discreet, remote-controlled stimulation.</p>
<p data-start=""1888"" data-end=""1990""><strong data-start=""1888"" data-end=""1916"">Can I wear it in public?</strong><br data-start=""1916"" data-end=""1919"">It is designed to be discreet under clothing for private use scenarios.</p>
<p data-start=""1992"" data-end=""2093""><strong data-start=""1992"" data-end=""2027"">Does it support remote control?</strong><br data-start=""2027"" data-end=""2030"">Yes. It can be controlled remotely for interactive experiences.</p>
<p data-start=""2095"" data-end=""2201""><strong data-start=""2095"" data-end=""2125"">Is it comfortable to wear?</strong><br data-start=""2125"" data-end=""2128"">Yes. It is designed with soft, body-friendly materials for extended wear.</p>
<p data-start=""2203"" data-end=""2268""><strong data-start=""2203"" data-end=""2218"">Is it loud?</strong><br data-start=""2218"" data-end=""2221"">No. It is engineered for low-noise performance.</p>
<p data-start=""2270"" data-end=""2322""><strong data-start=""2270"" data-end=""2293"">Is it rechargeable?</strong><br data-start=""2293"" data-end=""2296"">Yes. It uses USB charging.</p>",media/clitoral-panty-vibrator/STN01A_1.webp|media/clitoral-panty-vibrator/STN01A_2.webp|media/clitoral-panty-vibrator/STN01A_3.webp|media/clitoral-panty-vibrator/STN01A_4.webp|media/clitoral-panty-vibrator/STN01A_5.webp|media/clitoral-panty-vibrator/STN01A_6.webp|media/clitoral-panty-vibrator/STN01A_7.webp|media/clitoral-panty-vibrator/STN01A_8.webp|media/clitoral-panty-vibrator/STN01A_9.webp|media/clitoral-panty-vibrator/STN01A_10.webp|media/clitoral-panty-vibrator/STN01A_11.webp,https://cdn.shopify.com/s/files/1/0659/3334/4986/files/Edey_svakom_1.webp|https://cdn.shopify.com/s/files/1/0659/3334/4986/files/EDENY_GIF.webp|https://cdn.shopify.com/s/files/1/0659/3334/4986/files/Edey_svakom_2.webp|https://cdn.shopify.com/s/files/1/0659/3334/4986/files/Edey_svakom_3.webp|https://cdn.shopify.com/s/files/1/0659/3334/4986/files/Edey_svakom_4.webp|https://cdn.shopify.com/s/files/1/0659/3334/4986/files/Edey_svakom_5.webp|https://cdn.shopify.com/s/files/1/0659/3334/4986/files/Edey_svakom_6.webp|https://cdn.shopify.com/s/files/1/0659/3334/4986/files/Edey_svakom_7.webp|https://cdn.shopify.com/s/files/1/0659/3334/4986/files/Edey_svakom_9.webp|https://cdn.shopify.com/s/files/1/0659/3334/4986/files/Edeny.webp|https://cdn.shopify.com/s/files/1/0659/3334/4986/files/Edey_svakom_8.webp,11,1,STN01A,77.00,77.00,"[{""sku"": ""STN01A"", ""title"": ""Violet"", ""price"": ""77.00"", ""compare_at_price"": null, ""available"": true, ""weight_grams"": 255}]"
7736487477466,AMY 2,g-spot-vibrator,https://www.svakom.com/products/g-spot-vibrator,G-Spot Vibrators,"All Products, beginner's sex toys, bluetooth control, bluetooth vibrator, classic vibrators, female sex toys, g-spot vibrators, LimitedTimeSales, sex toys, vibrators","The Classic That Never Goes Out Of Style

Sometimes simple is exactly what you need.

Amy 2 focuses on what matters most: comfortable design, targeted stimulation, and intuitive controls. Its elegant curve helps deliver precise G-spot stimulation, while customizable vibration patterns allow you to explore at your own pace.

Whether it's your first vibrator or one of many, Amy 2 remains a favorite because it does the essentials exceptionally well.

Simple.

Elegant.

Always reliable.

Frequently Asked Questions

What is SVAKOM Amy 2?

SVAKOM Amy 2 is a G-spot vibrator designed to deliver targeted internal and external stimulation through a curved ergonomic shape.

Is Amy 2 suitable for beginners?

Yes. Amy 2's intuitive controls and comfortable size make it an excellent option for first-time users.

What makes Amy 2 different from other vibrators?

Amy 2 focuses on simplicity, comfort, and targeted stimulation rather than overwhelming users with complicated controls.

Is Amy 2 designed for G-spot stimulation?

Yes. The curved design helps target internal pleasure zones more precisely.

How many vibration settings does Amy 2 have?

Amy 2 offers multiple vibration patterns and intensity levels that can be adjusted according to preference.

Is Amy 2 waterproof?

Yes. Amy 2 is IPX7 waterproof for easy cleaning and bath-friendly use.

What material is Amy 2 made from?

Amy 2 is crafted from body-safe silicone that feels smooth and comfortable against the skin.

Is Amy 2 quiet?

Yes. Amy 2 is designed to operate discreetly while maintaining strong performance.

How long does the battery last?

Battery life varies depending on the selected vibration settings and intensity level.

Why do people love Amy 2?

Many users appreciate Amy 2 because it combines simplicity, reliability, and effective stimulation in a timeless design.","<h2>The Classic That Never Goes Out Of Style</h2>
<p>Sometimes simple is exactly what you need.</p>
<p>Amy 2 focuses on what matters most: comfortable design, targeted stimulation, and intuitive controls. Its elegant curve helps deliver precise G-spot stimulation, while customizable vibration patterns allow you to explore at your own pace.</p>
<p>Whether it's your first vibrator or one of many, Amy 2 remains a favorite because it does the essentials exceptionally well.</p>
<p>Simple.</p>
<p>Elegant.</p>
<p>Always reliable.</p>
<hr>
<h2>Frequently Asked Questions</h2>
<h3>What is SVAKOM Amy 2?</h3>
<p>SVAKOM Amy 2 is a G-spot vibrator designed to deliver targeted internal and external stimulation through a curved ergonomic shape.</p>
<h3>Is Amy 2 suitable for beginners?</h3>
<p>Yes. Amy 2's intuitive controls and comfortable size make it an excellent option for first-time users.</p>
<h3>What makes Amy 2 different from other vibrators?</h3>
<p>Amy 2 focuses on simplicity, comfort, and targeted stimulation rather than overwhelming users with complicated controls.</p>
<h3>Is Amy 2 designed for G-spot stimulation?</h3>
<p>Yes. The curved design helps target internal pleasure zones more precisely.</p>
<h3>How many vibration settings does Amy 2 have?</h3>
<p>Amy 2 offers multiple vibration patterns and intensity levels that can be adjusted according to preference.</p>
<h3>Is Amy 2 waterproof?</h3>
<p>Yes. Amy 2 is IPX7 waterproof for easy cleaning and bath-friendly use.</p>
<h3>What material is Amy 2 made from?</h3>
<p>Amy 2 is crafted from body-safe silicone that feels smooth and comfortable against the skin.</p>
<h3>Is Amy 2 quiet?</h3>
<p>Yes. Amy 2 is designed to operate discreetly while maintaining strong performance.</p>
<h3>How long does the battery last?</h3>
<p>Battery life varies depending on the selected vibration settings and intensity level.</p>
<h3>Why do people love Amy 2?</h3>
<p>Many users appreciate Amy 2 because it combines simplicity, reliability, and effective stimulation in a timeless design.</p>
<!---->",media/g-spot-vibrator/SUV-02C-2_1.webp|media/g-spot-vibrator/SUV-02C-2_2.webp|media/g-spot-vibrator/SUV-02C-2_3.webp|media/g-spot-vibrator/SUV-02C-2_4.webp|media/g-spot-vibrator/SUV-02C-2_5.webp|media/g-spot-vibrator/SUV-02C-2_6.webp|media/g-spot-vibrator/SUV-02C-2_7.webp|media/g-spot-vibrator/SUV-02C-2_8.webp|media/g-spot-vibrator/SUV-02C-2_9.webp|media/g-spot-vibrator/SUV-02C-2_10.webp,https://cdn.shopify.com/s/files/1/0659/3334/4986/files/Amy_2_svakom_1.webp|https://cdn.shopify.com/s/files/1/0659/3334/4986/files/AMY2_GIF.webp|https://cdn.shopify.com/s/files/1/0659/3334/4986/files/Amy_2_svakom_2.webp|https://cdn.shopify.com/s/files/1/0659/3334/4986/files/Amy_2_svakom_3.webp|https://cdn.shopify.com/s/files/1/0659/3334/4986/files/Amy_2_svakom_4.webp|https://cdn.shopify.com/s/files/1/0659/3334/4986/files/Amy_2_svakom_5.webp|https://cdn.shopify.com/s/files/1/0659/3334/4986/files/Amy_2_svakom_6.webp|https://cdn.shopify.com/s/files/1/0659/3334/4986/files/Amy_2_svakom_7.webp|https://cdn.shopify.com/s/files/1/0659/3334/4986/files/Amy_2_svakom_8.webp|https://cdn.shopify.com/s/files/1/0659/3334/4986/files/Amy_2_svakom_9.webp,10,2,SUV-02C-2|SUV-02C,75.00,75.00,"[{""sku"": ""SUV-02C-2"", ""title"": ""Violet"", ""price"": ""75.00"", ""compare_at_price"": null, ""available"": true, ""weight_grams"": 369}, {""sku"": ""SUV-02C"", ""title"": ""Pastel Lilac"", ""price"": ""75.00"", ""compare_at_price"": null, ""available"": true, ""weight_grams"": 369}]"
7736487444698,AVERY,thrusting-rabbit-vibrator,https://www.svakom.com/products/thrusting-rabbit-vibrator,G-Spot Vibrators,"All Products, Best Sellers, Christmas, female sex toys, lesbian sex toys, rabbit, Rabbit Vibrators, sex toys, thrusting vibrators, Verishop, vibrators","When One Sensation Isn't Enough

Some experiences are better layered.

Avery combines rhythmic thrusting with independent external stimulation to create a more immersive experience. The cushioned thrusting head moves with natural-feeling motion while the flexible stimulator focuses on your most sensitive external areas.

With independent controls, multiple intensities, and a waterproof design, Avery gives you the freedom to explore exactly how much stimulation you want—and where you want it.

More movement. More variety. More possibilities.

Frequently Asked Questions

What is SVAKOM Avery?

SVAKOM Avery is a thrusting rabbit vibrator that combines internal thrusting motion with independent external vibration for dual stimulation.

What makes Avery different from traditional rabbit vibrators?

Unlike traditional rabbit vibrators that rely only on vibration, Avery combines thrusting movement and independent stimulation, creating a more dynamic experience.

Does Avery thrust?

Yes. Avery features a cushioned thrusting head designed to create rhythmic forward-and-back movement while maintaining comfort.

Can I control the thrusting and vibration separately?

Yes. Avery allows users to adjust internal and external stimulation independently for a more customized experience.

How many modes does Avery have?

Avery features 5 thrusting modes, 5 vibration modes, and 5 intensity levels for both stimulation zones.

Is Avery suitable for beginners?

Yes. While Avery offers advanced functionality, the adjustable settings allow users to start gently and increase intensity gradually.

Is Avery waterproof?

Yes. Avery is rated IPX7 waterproof, making it suitable for bath and shower use as well as easy cleaning.

How long does Avery's battery last?

A full charge provides approximately 1.5 hours of use, depending on selected settings.

Why do people love Avery?

Many users enjoy Avery because it combines thrusting motion, vibration, and dual stimulation in one streamlined design, reducing the need for multiple toys.","<h2>When One Sensation Isn't Enough</h2>
<p>Some experiences are better layered.</p>
<p>Avery combines rhythmic thrusting with independent external stimulation to create a more immersive experience. The cushioned thrusting head moves with natural-feeling motion while the flexible stimulator focuses on your most sensitive external areas.</p>
<p>With independent controls, multiple intensities, and a waterproof design, Avery gives you the freedom to explore exactly how much stimulation you want—and where you want it.</p>
<p>More movement. More variety. More possibilities.</p>
<hr>
<h2>Frequently Asked Questions</h2>
<h3>What is SVAKOM Avery?</h3>
<p>SVAKOM Avery is a thrusting rabbit vibrator that combines internal thrusting motion with independent external vibration for dual stimulation.</p>
<h3>What makes Avery different from traditional rabbit vibrators?</h3>
<p>Unlike traditional rabbit vibrators that rely only on vibration, Avery combines thrusting movement and independent stimulation, creating a more dynamic experience.</p>
<h3>Does Avery thrust?</h3>
<p>Yes. Avery features a cushioned thrusting head designed to create rhythmic forward-and-back movement while maintaining comfort.</p>
<h3>Can I control the thrusting and vibration separately?</h3>
<p>Yes. Avery allows users to adjust internal and external stimulation independently for a more customized experience.</p>
<h3>How many modes does Avery have?</h3>
<p>Avery features 5 thrusting modes, 5 vibration modes, and 5 intensity levels for both stimulation zones.</p>
<h3>Is Avery suitable for beginners?</h3>
<p>Yes. While Avery offers advanced functionality, the adjustable settings allow users to start gently and increase intensity gradually.</p>
<h3>Is Avery waterproof?</h3>
<p>Yes. Avery is rated IPX7 waterproof, making it suitable for bath and shower use as well as easy cleaning.</p>
<h3>How long does Avery's battery last?</h3>
<p>A full charge provides approximately 1.5 hours of use, depending on selected settings.</p>
<h3>Why do people love Avery?</h3>
<p>Many users enjoy Avery because it combines thrusting motion, vibration, and dual stimulation in one streamlined design, reducing the need for multiple toys.</p>
<!---->",media/thrusting-rabbit-vibrator/S59-SP_1.webp|media/thrusting-rabbit-vibrator/S59-SP_2.webp|media/thrusting-rabbit-vibrator/S59-SP_3.webp|media/thrusting-rabbit-vibrator/S59-SP_4.webp|media/thrusting-rabbit-vibrator/S59-SP_5.webp|media/thrusting-rabbit-vibrator/S59-SP_6.webp|media/thrusting-rabbit-vibrator/S59-SP_7.webp|media/thrusting-rabbit-vibrator/S59-SP_8.webp|media/thrusting-rabbit-vibrator/S59-SP_9.webp,https://cdn.shopify.com/s/files/1/0659/3334/4986/files/Avery_svakom_2.webp|https://cdn.shopify.com/s/files/1/0659/3334/4986/files/AVERY.webp|https://cdn.shopify.com/s/files/1/0659/3334/4986/files/Avery_svakom_1.webp|https://cdn.shopify.com/s/files/1/0659/3334/4986/files/Avery_svakom_3.webp|https://cdn.shopify.com/s/files/1/0659/3334/4986/files/Avery_svakom_4.webp|https://cdn.shopify.com/s/files/1/0659/3334/4986/files/Avery_svakom_5.webp|https://cdn.shopify.com/s/files/1/0659/3334/4986/files/Avery_svakom_6.webp|https://cdn.shopify.com/s/files/1/0659/3334/4986/files/Avery_svakom_7.webp|https://cdn.shopify.com/s/files/1/0659/3334/4986/files/Avery_svakom_8.webp,9,2,S59-SP|S59,34.95,80.00,"[{""sku"": ""S59-SP"", ""title"": ""Strawberry Pink"", ""price"": ""34.95"", ""compare_at_price"": ""86.95"", ""available"": true, ""weight_grams"": 369}, {""sku"": ""S59"", ""title"": ""Lilac"", ""price"": ""80.00"", ""compare_at_price"": null, ""available"": true, ""weight_grams"": 369}]"
7736487379162,PULSE PURE,clitoral-stimulator,https://www.svakom.com/products/clitoral-stimulator,Clitoral Vibrators,"clit sucker, Disable SATCB, suction, UNSOLD, Verishop",,<!---->,media/clitoral-stimulator/S117-Pale Pink_1.png|media/clitoral-stimulator/S117-Pale Pink_2.webp|media/clitoral-stimulator/S117-Pale Pink_3.png|media/clitoral-stimulator/S117-Pale Pink_4.png|media/clitoral-stimulator/S117-Pale Pink_5.png|media/clitoral-stimulator/S117-Pale Pink_6.png|media/clitoral-stimulator/S117-Pale Pink_7.png|media/clitoral-stimulator/S117-Pale Pink_8.png,https://cdn.shopify.com/s/files/1/0659/3334/4986/files/PULSE-PURE-A.png|https://cdn.shopify.com/s/files/1/0659/3334/4986/files/PULSE-PURE_GIF.webp|https://cdn.shopify.com/s/files/1/0659/3334/4986/files/PULSE-PURE-Svakom-Store-136022584.png|https://cdn.shopify.com/s/files/1/0659/3334/4986/files/PULSE-PURE-B.png|https://cdn.shopify.com/s/files/1/0659/3334/4986/files/PULSE-PURE-Svakom-Store-136022737.png|https://cdn.shopify.com/s/files/1/0659/3334/4986/files/PULSE-PURE-Svakom-Store-136022651.png|https://cdn.shopify.com/s/files/1/0659/3334/4986/files/PULSE-PURE-Svakom-Store-136022983-136022970.png|https://cdn.shopify.com/s/files/1/0659/3334/4986/files/PULSE-PURE-Svakom-Store-136023098.png,8,2,S117-Pale Pink|S117-Dark Blue,60.95,60.95,"[{""sku"": ""S117-Pale Pink"", ""title"": ""Pink"", ""price"": ""60.95"", ""compare_at_price"": ""69.95"", ""available"": false, ""weight_grams"": 340}, {""sku"": ""S117-Dark Blue"", ""title"": ""Navy Blue"", ""price"": ""60.95"", ""compare_at_price"": ""69.95"", ""available"": false, ""weight_grams"": 340}]"
7736487280858,PULSE UNION,pulse-clitoral-stimulator,https://www.svakom.com/products/pulse-clitoral-stimulator,Clitoral Vibrators,"clit sucker, Disable SATCB, suction, UNSOLD",,<!---->,media/pulse-clitoral-stimulator/SYF05A_1.png|media/pulse-clitoral-stimulator/SYF05A_2.webp|media/pulse-clitoral-stimulator/SYF05A_3.png|media/pulse-clitoral-stimulator/SYF05A_4.png|media/pulse-clitoral-stimulator/SYF05A_5.png|media/pulse-clitoral-stimulator/SYF05A_6.png|media/pulse-clitoral-stimulator/SYF05A_7.jpg,https://cdn.shopify.com/s/files/1/0659/3334/4986/files/PULSE-UNION_b548c805-9164-46a4-8e4a-ba9d0af2eae2.png|https://cdn.shopify.com/s/files/1/0659/3334/4986/files/PULSE-UNION.webp|https://cdn.shopify.com/s/files/1/0659/3334/4986/files/PULSE-UNION-Svakom-136021743.png|https://cdn.shopify.com/s/files/1/0659/3334/4986/files/PULSE-UNION-Svakom-136021810.png|https://cdn.shopify.com/s/files/1/0659/3334/4986/files/PULSE-UNION-Svakom-136021938.png|https://cdn.shopify.com/s/files/1/0659/3334/4986/files/PULSE-UNION-Svakom-136022086.png|https://cdn.shopify.com/s/files/1/0659/3334/4986/files/15_Pulse_Union.jpg,7,1,SYF05A,81.95,81.95,"[{""sku"": ""SYF05A"", ""title"": ""Violet"", ""price"": ""81.95"", ""compare_at_price"": null, ""available"": false, ""weight_grams"": 40}]"
7736487051482,HEDY X,masturbator-eggs,https://www.svakom.com/products/masturbator-eggs,Sensations,"All Products, beginner's sex toys, Best Sellers, free gift over 199, Male Sex Toys, sex toys, Strokers, Verishop","Five Textures. One Simple Motion.

Hedy X was designed for those who prefer a fully hands-on experience, but still want variety in sensation. Instead of motors or electronics, it focuses on five interchangeable inner sleeves, each offering a different texture and stimulation profile. From soft and gentle to tighter and more intense, Hedy X lets you switch the feeling simply by changing the sleeve.

Built for manual use, it keeps things straightforward—no charging, no settings, just personal control. Every session is shaped entirely by your own rhythm, making the experience feel more direct, natural, and customizable.

Frequently Asked Questions

What is SVAKOM Hedy X?
SVAKOM Hedy X is a manual masturbator system that includes 5 interchangeable sleeves with different internal textures.

Does Hedy X have any electronic or vibrating features?
No. Hedy X is fully manual and does not require batteries or charging.

What makes it different from other masturbators?
It offers multiple sleeve textures, allowing you to change sensations simply by switching inserts.

How many sleeves are included?
It comes with 5 different internal sleeves, each designed for a different stimulation feel.

Is it beginner-friendly?
Yes. It is simple to use and does not require any setup or learning curve.

How do I clean it?
All sleeves are removable and must be hand-washed with warm water and mild soap. Make sure they are fully dry before reuse.

Do I need lubrication?
Yes. Water-based lubricant is recommended for a smoother and more comfortable experience.

Is it portable?
Yes. Since it has no electronics, it is lightweight, compact, and travel-friendly.","<h2 data-section-id=""123dhdt"" data-start=""114"" data-end=""150"" class=""PDq2pG_selectionAnchorContainer"">Five Textures. One Simple Motion.<span aria-hidden=""true"" class=""PDq2pG_selectionAnchor""></span>
</h2>
<p data-start=""152"" data-end=""517"">Hedy X was designed for those who prefer a fully hands-on experience, but still want variety in sensation. Instead of motors or electronics, it focuses on five interchangeable inner sleeves, each offering a different texture and stimulation profile. From soft and gentle to tighter and more intense, Hedy X lets you switch the feeling simply by changing the sleeve.</p>
<p data-start=""519"" data-end=""741"">Built for manual use, it keeps things straightforward—no charging, no settings, just personal control. Every session is shaped entirely by your own rhythm, making the experience feel more direct, natural, and customizable.</p>
<hr data-start=""743"" data-end=""746"">
<h2 data-section-id=""1r8frcv"" data-start=""748"" data-end=""777"">Frequently Asked Questions</h2>
<p data-start=""779"" data-end=""926""><strong data-start=""779"" data-end=""805"">What is SVAKOM Hedy X?</strong><br data-start=""805"" data-end=""808"">SVAKOM Hedy X is a manual masturbator system that includes 5 interchangeable sleeves with different internal textures.</p>
<p data-start=""928"" data-end=""1059""><strong data-start=""928"" data-end=""986"">Does Hedy X have any electronic or vibrating features?</strong><br data-start=""986"" data-end=""989"">No. Hedy X is fully manual and does not require batteries or charging.</p>
<p data-start=""1061"" data-end=""1214""><strong data-start=""1061"" data-end=""1113"">What makes it different from other masturbators?</strong><br data-start=""1113"" data-end=""1116"">It offers multiple sleeve textures, allowing you to change sensations simply by switching inserts.</p>
<p data-start=""1216"" data-end=""1344""><strong data-start=""1216"" data-end=""1250"">How many sleeves are included?</strong><br data-start=""1250"" data-end=""1253"">It comes with 5 different internal sleeves, each designed for a different stimulation feel.</p>
<p data-start=""1346"" data-end=""1451""><strong data-start=""1346"" data-end=""1374"">Is it beginner-friendly?</strong><br data-start=""1374"" data-end=""1377"">Yes. It is simple to use and does not require any setup or learning curve.</p>
<p data-start=""1453"" data-end=""1601""><strong data-start=""1453"" data-end=""1475"">How do I clean it?</strong><br data-start=""1475"" data-end=""1478"">All sleeves are removable and must be hand-washed with warm water and mild soap. Make sure they are fully dry before reuse.</p>
<p data-start=""1603"" data-end=""1721""><strong data-start=""1603"" data-end=""1629"">Do I need lubrication?</strong><br data-start=""1629"" data-end=""1632"">Yes. Water-based lubricant is recommended for a smoother and more comfortable experience.</p>
<p data-start=""1723"" data-end=""1827""><strong data-start=""1723"" data-end=""1742"">Is it portable?</strong><br data-start=""1742"" data-end=""1745"">Yes. Since it has no electronics, it is lightweight, compact, and travel-friendly.</p>
<!---->",media/masturbator-eggs/SL42A_1.webp|media/masturbator-eggs/SL42A_2.webp|media/masturbator-eggs/SL42A_3.webp|media/masturbator-eggs/SL42A_4.webp|media/masturbator-eggs/SL42A_5.webp|media/masturbator-eggs/SL42A_6.webp|media/masturbator-eggs/SL42A_7.webp|media/masturbator-eggs/SL42A_8.webp|media/masturbator-eggs/SL42A_9.webp|media/masturbator-eggs/SL42A_10.webp|media/masturbator-eggs/SL42A_11.webp|media/masturbator-eggs/SL42A_12.webp|media/masturbator-eggs/SL42A_13.webp,https://cdn.shopify.com/s/files/1/0659/3334/4986/files/Hedy_X_svakom_1.webp|https://cdn.shopify.com/s/files/1/0659/3334/4986/files/HEDY-X_GIF.webp|https://cdn.shopify.com/s/files/1/0659/3334/4986/files/Hedy_X_svakom_2.webp|https://cdn.shopify.com/s/files/1/0659/3334/4986/files/Hedy_X_svakom_3.webp|https://cdn.shopify.com/s/files/1/0659/3334/4986/files/hedy_x_usage_gif_2.webp|https://cdn.shopify.com/s/files/1/0659/3334/4986/files/Hedy_X_svakom_4.webp|https://cdn.shopify.com/s/files/1/0659/3334/4986/files/Hedy_X_svakom_5.webp|https://cdn.shopify.com/s/files/1/0659/3334/4986/files/Hedy_X_svakom_6.webp|https://cdn.shopify.com/s/files/1/0659/3334/4986/files/hedy_x_usage_gif_1.webp|https://cdn.shopify.com/s/files/1/0659/3334/4986/files/Hedy_X_svakom_7.webp|https://cdn.shopify.com/s/files/1/0659/3334/4986/files/Hedy_X_svakom_8.webp|https://cdn.shopify.com/s/files/1/0659/3334/4986/files/Hedy_X_svakom_9.webp|https://cdn.shopify.com/s/files/1/0659/3334/4986/files/Hedy_X_svakom_10.webp,13,1,SL42A,34.95,34.95,"[{""sku"": ""SL42A"", ""title"": ""Mixed Box (5pcs)"", ""price"": ""34.95"", ""compare_at_price"": null, ""available"": true, ""weight_grams"": 680}]"
7736482398426,TULIP,bullet-vibrator,https://www.svakom.com/products/bullet-vibrator,Clitoral Vibrators,"All Products, beginner's sex toys, bullet, clitoral vibrators, egg vibrators, female sex toys, foreplay vibrators, gender neutral, LGBT sex toys, Sex Toys for Couples, Valentines Day, Verishop, vibrators","Small Form, Direct Sensation

Tulip was designed as a compact bullet vibrator focused on precision and simplicity. It delivers direct stimulation without unnecessary complexity, making it ideal for quick, targeted use. Lightweight and discreet, it fits easily into any routine and can be used with minimal setup.

Frequently Asked Questions

What is SVAKOM Tulip?
Tulip is a compact bullet vibrator designed for direct stimulation.

Is it powerful for its size?
Yes. It delivers focused vibration intensity.

Is it discreet?
Yes. It is small and easy to conceal.

Is it beginner-friendly?
Yes. It is very simple to use.

Is it waterproof?
Yes. It is waterproof.","<h2 data-section-id=""y0ofej"" data-start=""7458"" data-end=""7489"" class=""PDq2pG_selectionAnchorContainer"">Small Form, Direct Sensation<span aria-hidden=""true"" class=""PDq2pG_selectionAnchor""></span>
</h2>
<p data-start=""7491"" data-end=""7773"">Tulip was designed as a compact bullet vibrator focused on precision and simplicity. It delivers direct stimulation without unnecessary complexity, making it ideal for quick, targeted use. Lightweight and discreet, it fits easily into any routine and can be used with minimal setup.</p>
<hr data-start=""7775"" data-end=""7778"">
<h2 data-section-id=""1r8frcv"" data-start=""7780"" data-end=""7809"">Frequently Asked Questions</h2>
<p data-start=""7811"" data-end=""7906""><strong data-start=""7811"" data-end=""7836"">What is SVAKOM Tulip?</strong><br data-start=""7836"" data-end=""7839"">Tulip is a compact bullet vibrator designed for direct stimulation.</p>
<p data-start=""7908"" data-end=""7988""><strong data-start=""7908"" data-end=""7940"">Is it powerful for its size?</strong><br data-start=""7940"" data-end=""7943"">Yes. It delivers focused vibration intensity.</p>
<p data-start=""7990"" data-end=""8049""><strong data-start=""7990"" data-end=""8009"">Is it discreet?</strong><br data-start=""8009"" data-end=""8012"">Yes. It is small and easy to conceal.</p>
<p data-start=""8051"" data-end=""8112""><strong data-start=""8051"" data-end=""8079"">Is it beginner-friendly?</strong><br data-start=""8079"" data-end=""8082"">Yes. It is very simple to use.</p>
<p data-start=""8114"" data-end=""8160""><strong data-start=""8114"" data-end=""8135"">Is it waterproof?</strong><br data-start=""8135"" data-end=""8138"">Yes. It is waterproof.</p>
<!---->",media/bullet-vibrator/S115B-Violet_1.webp|media/bullet-vibrator/S115B-Violet_2.webp|media/bullet-vibrator/S115B-Violet_3.webp|media/bullet-vibrator/S115B-Violet_4.webp|media/bullet-vibrator/S115B-Violet_5.webp|media/bullet-vibrator/S115B-Violet_6.webp|media/bullet-vibrator/S115B-Violet_7.webp|media/bullet-vibrator/S115B-Violet_8.webp|media/bullet-vibrator/S115B-Violet_9.webp|media/bullet-vibrator/S115B-Violet_10.webp,https://cdn.shopify.com/s/files/1/0659/3334/4986/files/Tulip_svakom_1_8bb701e0-3846-4767-bed9-0dea3ae11993.webp|https://cdn.shopify.com/s/files/1/0659/3334/4986/files/TULIP_GIF.webp|https://cdn.shopify.com/s/files/1/0659/3334/4986/files/Tulip_svakom_2_db50f174-ace5-4acb-8722-02115068ac8c.webp|https://cdn.shopify.com/s/files/1/0659/3334/4986/files/Tulip_svakom_3.webp|https://cdn.shopify.com/s/files/1/0659/3334/4986/files/Tulip_svakom_4.webp|https://cdn.shopify.com/s/files/1/0659/3334/4986/files/Tulip_svakom_5.webp|https://cdn.shopify.com/s/files/1/0659/3334/4986/files/Tulip_svakom_6.webp|https://cdn.shopify.com/s/files/1/0659/3334/4986/files/Tulip_svakom_7.webp|https://cdn.shopify.com/s/files/1/0659/3334/4986/files/Tulip_svakom_8.webp|https://cdn.shopify.com/s/files/1/0659/3334/4986/files/Tulip_svakom_9.webp,10,2,S115B-Violet|S115B-Black,40.95,40.95,"[{""sku"": ""S115B-Violet"", ""title"": ""Violet"", ""price"": ""40.95"", ""compare_at_price"": null, ""available"": true, ""weight_grams"": 198}, {""sku"": ""S115B-Black"", ""title"": ""Black"", ""price"": ""40.95"", ""compare_at_price"": null, ""available"": true, ""weight_grams"": 198}]"
7736482365658,ROBIN,vibrating-stroking-masturbator,https://www.svakom.com/products/vibrating-stroking-masturbator,Sensations,"All Products, beginner's sex toys, Best Sellers, Male Sex Toys, masturbators, sex toys, svakom masturbator, Verishop","Rhythm You Can Control

Robin was designed to deliver a stroking-based stimulation experience with added vibration for enhanced intensity control. It combines motion and vibration in a structured system that responds smoothly to user pacing. Built for consistency and comfort, Robin focuses on creating a controlled yet immersive experience from start to finish.

Frequently Asked Questions

What is SVAKOM Robin?
SVAKOM Robin is a vibrating stroking masturbator designed for rhythmic manual and assisted motion.

Does it move automatically?
It combines stroking structure with vibration support, depending on settings.

Is it intense?
Yes. It offers adjustable intensity levels for different preferences.

Is it easy to clean?
Yes. It includes removable components for cleaning.

Is it beginner-friendly?
Yes. It is simple to operate with intuitive controls.","<h2 data-section-id=""129m53z"" data-start=""4481"" data-end=""4506"" class=""PDq2pG_selectionAnchorContainer"">Rhythm You Can Control<span aria-hidden=""true"" class=""PDq2pG_selectionAnchor""></span>
</h2>
<p data-start=""4508"" data-end=""4846"">Robin was designed to deliver a stroking-based stimulation experience with added vibration for enhanced intensity control. It combines motion and vibration in a structured system that responds smoothly to user pacing. Built for consistency and comfort, Robin focuses on creating a controlled yet immersive experience from start to finish.</p>
<hr data-start=""4848"" data-end=""4851"">
<h2 data-section-id=""1r8frcv"" data-start=""4853"" data-end=""4882"">Frequently Asked Questions</h2>
<p data-start=""4884"" data-end=""5010""><strong data-start=""4884"" data-end=""4909"">What is SVAKOM Robin?</strong><br data-start=""4909"" data-end=""4912"">SVAKOM Robin is a vibrating stroking masturbator designed for rhythmic manual and assisted motion.</p>
<p data-start=""5012"" data-end=""5123""><strong data-start=""5012"" data-end=""5043"">Does it move automatically?</strong><br data-start=""5043"" data-end=""5046"">It combines stroking structure with vibration support, depending on settings.</p>
<p data-start=""5125"" data-end=""5215""><strong data-start=""5125"" data-end=""5143"">Is it intense?</strong><br data-start=""5143"" data-end=""5146"">Yes. It offers adjustable intensity levels for different preferences.</p>
<p data-start=""5217"" data-end=""5295""><strong data-start=""5217"" data-end=""5241"">Is it easy to clean?</strong><br data-start=""5241"" data-end=""5244"">Yes. It includes removable components for cleaning.</p>
<p data-start=""5297"" data-end=""5381""><strong data-start=""5297"" data-end=""5325"">Is it beginner-friendly?</strong><br data-start=""5325"" data-end=""5328"">Yes. It is simple to operate with intuitive controls.</p>
<!---->",media/vibrating-stroking-masturbator/SL28_1.webp|media/vibrating-stroking-masturbator/SL28_2.webp|media/vibrating-stroking-masturbator/SL28_3.webp|media/vibrating-stroking-masturbator/SL28_4.webp|media/vibrating-stroking-masturbator/SL28_5.webp|media/vibrating-stroking-masturbator/SL28_6.webp|media/vibrating-stroking-masturbator/SL28_7.webp|media/vibrating-stroking-masturbator/SL28_8.webp|media/vibrating-stroking-masturbator/SL28_9.webp|media/vibrating-stroking-masturbator/SL28_10.webp,https://cdn.shopify.com/s/files/1/0659/3334/4986/files/Robin_svakom_1_7579fb24-bf20-4e82-8cae-199a3145129f.webp|https://cdn.shopify.com/s/files/1/0659/3334/4986/files/ROBIN_GIF.webp|https://cdn.shopify.com/s/files/1/0659/3334/4986/files/Robin_svakom_2.webp|https://cdn.shopify.com/s/files/1/0659/3334/4986/files/Robin_svakom_3.webp|https://cdn.shopify.com/s/files/1/0659/3334/4986/files/Robin_svakom_4.webp|https://cdn.shopify.com/s/files/1/0659/3334/4986/files/Robin_svakom_5.webp|https://cdn.shopify.com/s/files/1/0659/3334/4986/files/Robin_svakom_6.webp|https://cdn.shopify.com/s/files/1/0659/3334/4986/files/Robin_svakom_7.webp|https://cdn.shopify.com/s/files/1/0659/3334/4986/files/Robin_svakom_9.webp|https://cdn.shopify.com/s/files/1/0659/3334/4986/files/Robin_svakom_8.webp,10,1,SL28,38.95,38.95,"[{""sku"": ""SL28"", ""title"": ""White"", ""price"": ""38.95"", ""compare_at_price"": ""60.95"", ""available"": true, ""weight_grams"": 656}]"
7736482332890,IKER,prostate-stimulator-anal-vibrator,https://www.svakom.com/products/prostate-stimulator-anal-vibrator,Sensations,"hidden, Hidden recommendation, Hidden upsell recommendation, Verishop",,<!---->,media/prostate-stimulator-anal-vibrator/prostate-stimulator-anal-vibrator_1.png|media/prostate-stimulator-anal-vibrator/prostate-stimulator-anal-vibrator_2.webp|media/prostate-stimulator-anal-vibrator/prostate-stimulator-anal-vibrator_3.png|media/prostate-stimulator-anal-vibrator/prostate-stimulator-anal-vibrator_4.png|media/prostate-stimulator-anal-vibrator/prostate-stimulator-anal-vibrator_5.png|media/prostate-stimulator-anal-vibrator/prostate-stimulator-anal-vibrator_6.png|media/prostate-stimulator-anal-vibrator/prostate-stimulator-anal-vibrator_7.png|media/prostate-stimulator-anal-vibrator/prostate-stimulator-anal-vibrator_8.jpg,https://cdn.shopify.com/s/files/1/0659/3334/4986/files/IKER_56f668b3-5859-4a86-97bb-45b7c5a5c2a9.png|https://cdn.shopify.com/s/files/1/0659/3334/4986/files/IKER_GIF.webp|https://cdn.shopify.com/s/files/1/0659/3334/4986/files/IKER-Svakom-Store-136016437.png|https://cdn.shopify.com/s/files/1/0659/3334/4986/files/IKER-Svakom-Store-136016579.png|https://cdn.shopify.com/s/files/1/0659/3334/4986/files/IKER-Svakom-Store-136016644.png|https://cdn.shopify.com/s/files/1/0659/3334/4986/files/IKER-Svakom-Store-136016759.png|https://cdn.shopify.com/s/files/1/0659/3334/4986/files/IKER-Svakom-Store-136016869.png|https://cdn.shopify.com/s/files/1/0659/3334/4986/files/18_Iker.jpg,8,1,,86.95,86.95,"[{""sku"": """", ""title"": ""Black"", ""price"": ""86.95"", ""compare_at_price"": ""0.00"", ""available"": false, ""weight_grams"": 312}]"
7736482005210,SAM NEO,sam-neo-interactive-suction-masturbator,https://www.svakom.com/products/sam-neo-interactive-suction-masturbator,Vibrators,"All Products, app-controlled sex toys, Apps Controlled Toys, beginner's sex toys, bluetooth control, bluetooth vibrator, Connexion Series, free gift over 199, Male Sex Toys, masturbators, svakom masturbator, Valentines Day, Verishop, video interactive sex toys, webcam interactive sex toys","A Smarter Way to Feel Every Rhythm

Sam Neo was designed around interactive suction technology that responds with precision rather than repetition. Instead of fixed patterns, it focuses on adaptive suction cycles that create a more natural rise and release sensation. The internal structure is engineered for consistent airflow control, allowing stimulation to feel smooth, dynamic, and closely connected to movement.

As part of the SVAKOM Neo ecosystem, Sam Neo integrates smart responsiveness with ergonomic comfort, making it suitable for users who want a more interactive and less mechanical experience.

Frequently Asked Questions

What is SVAKOM Sam Neo?
Sam Neo is an interactive suction-based male masturbator designed for adaptive stimulation rather than fixed vibration patterns.

How is suction different from vibration?
Suction creates pressure-based rhythmic stimulation, which feels more natural and wave-like compared to vibration.

Does Sam Neo adjust automatically?
Yes. It uses responsive suction cycles that adjust intensity dynamically.

Is Sam Neo loud?
No. It is designed for controlled airflow and low operational noise.

Can it be used with the SVAKOM app?
Yes. It supports interactive control via the Neo system.

How do I clean it?
The inner sleeve is removable and should be washed with warm water and mild soap.","<h2 data-section-id=""1vsn2nv"" data-start=""157"" data-end=""194"" class=""PDq2pG_selectionAnchorContainer"">A Smarter Way to Feel Every Rhythm<span aria-hidden=""true"" class=""PDq2pG_selectionAnchor""></span>
</h2>
<p data-start=""196"" data-end=""577"">Sam Neo was designed around interactive suction technology that responds with precision rather than repetition. Instead of fixed patterns, it focuses on adaptive suction cycles that create a more natural rise and release sensation. The internal structure is engineered for consistent airflow control, allowing stimulation to feel smooth, dynamic, and closely connected to movement.</p>
<p data-start=""579"" data-end=""768"">As part of the SVAKOM Neo ecosystem, Sam Neo integrates smart responsiveness with ergonomic comfort, making it suitable for users who want a more interactive and less mechanical experience.</p>
<hr data-start=""770"" data-end=""773"">
<h2 data-section-id=""1r8frcv"" data-start=""775"" data-end=""804"">Frequently Asked Questions</h2>
<p data-start=""806"" data-end=""964""><strong data-start=""806"" data-end=""833"">What is SVAKOM Sam Neo?</strong><br data-start=""833"" data-end=""836"">Sam Neo is an interactive suction-based male masturbator designed for adaptive stimulation rather than fixed vibration patterns.</p>
<p data-start=""966"" data-end=""1127""><strong data-start=""966"" data-end=""1010"">How is suction different from vibration?</strong><br data-start=""1010"" data-end=""1013"">Suction creates pressure-based rhythmic stimulation, which feels more natural and wave-like compared to vibration.</p>
<p data-start=""1129"" data-end=""1243""><strong data-start=""1129"" data-end=""1167"">Does Sam Neo adjust automatically?</strong><br data-start=""1167"" data-end=""1170"">Yes. It uses responsive suction cycles that adjust intensity dynamically.</p>
<p data-start=""1245"" data-end=""1336""><strong data-start=""1245"" data-end=""1265"">Is Sam Neo loud?</strong><br data-start=""1265"" data-end=""1268"">No. It is designed for controlled airflow and low operational noise.</p>
<p data-start=""1338"" data-end=""1436""><strong data-start=""1338"" data-end=""1377"">Can it be used with the SVAKOM app?</strong><br data-start=""1377"" data-end=""1380"">Yes. It supports interactive control via the Neo system.</p>
<p data-start=""1438"" data-end=""1544""><strong data-start=""1438"" data-end=""1460"">How do I clean it?</strong><br data-start=""1460"" data-end=""1463"">The inner sleeve is removable and should be washed with warm water and mild soap.</p>
<!---->",media/sam-neo-interactive-suction-masturbator/S08A_1.webp|media/sam-neo-interactive-suction-masturbator/S08A_2.webp|media/sam-neo-interactive-suction-masturbator/S08A_3.webp|media/sam-neo-interactive-suction-masturbator/S08A_4.webp|media/sam-neo-interactive-suction-masturbator/S08A_5.webp|media/sam-neo-interactive-suction-masturbator/S08A_6.webp|media/sam-neo-interactive-suction-masturbator/S08A_7.webp|media/sam-neo-interactive-suction-masturbator/S08A_8.webp|media/sam-neo-interactive-suction-masturbator/S08A_9.webp|media/sam-neo-interactive-suction-masturbator/S08A_10.webp|media/sam-neo-interactive-suction-masturbator/S08A_11.webp,https://cdn.shopify.com/s/files/1/0659/3334/4986/files/Sam_Neo_svakom_1_c48cd6b6-a779-4a50-87bf-c19e68eae40b.webp|https://cdn.shopify.com/s/files/1/0659/3334/4986/files/SAM-NEO_GIF.webp|https://cdn.shopify.com/s/files/1/0659/3334/4986/files/Sam_Neo_svakom_2.webp|https://cdn.shopify.com/s/files/1/0659/3334/4986/files/Sam_Neo_svakom_3.webp|https://cdn.shopify.com/s/files/1/0659/3334/4986/files/Sam_Neo_svakom_4.webp|https://cdn.shopify.com/s/files/1/0659/3334/4986/files/Sam_Neo_svakom_5.webp|https://cdn.shopify.com/s/files/1/0659/3334/4986/files/Sam_Neo_svakom_6.webp|https://cdn.shopify.com/s/files/1/0659/3334/4986/files/Sam_Neo_svakom_7.webp|https://cdn.shopify.com/s/files/1/0659/3334/4986/files/Sam_Neo_svakom_9.webp|https://cdn.shopify.com/s/files/1/0659/3334/4986/files/Sam_Neo_1151f818-f5c8-420a-9e92-32b6d97d501b.webp|https://cdn.shopify.com/s/files/1/0659/3334/4986/files/Sam_Neo_svakom_8.webp,11,1,S08A,106.95,106.95,"[{""sku"": ""S08A"", ""title"": ""Dark Blue"", ""price"": ""106.95"", ""compare_at_price"": null, ""available"": true, ""weight_grams"": 1306}]"
7736481906906,VICK NEO,prostate-perineum-massager,https://www.svakom.com/products/prostate-perineum-massager,Sensations,"hidden, Hidden recommendation, Hidden upsell recommendation",,<!---->,media/prostate-perineum-massager/SPM-03D_1.png|media/prostate-perineum-massager/SPM-03D_2.webp|media/prostate-perineum-massager/SPM-03D_3.png|media/prostate-perineum-massager/SPM-03D_4.png|media/prostate-perineum-massager/SPM-03D_5.png|media/prostate-perineum-massager/SPM-03D_6.png|media/prostate-perineum-massager/SPM-03D_7.png|media/prostate-perineum-massager/SPM-03D_8.webp,https://cdn.shopify.com/s/files/1/0659/3334/4986/files/VICK-NEO_2dc6f7f3-7099-4566-aa7b-7d844729e5d1.png|https://cdn.shopify.com/s/files/1/0659/3334/4986/files/VICK-NEO_GIF.webp|https://cdn.shopify.com/s/files/1/0659/3334/4986/files/VICK-NEO-Svakom-136013678.png|https://cdn.shopify.com/s/files/1/0659/3334/4986/files/VICK-NEO-Svakom-136013885.png|https://cdn.shopify.com/s/files/1/0659/3334/4986/files/VICK-NEO-Svakom-136013955.png|https://cdn.shopify.com/s/files/1/0659/3334/4986/files/VICK-NEO-Svakom-136014030.png|https://cdn.shopify.com/s/files/1/0659/3334/4986/files/VICK-NEO-Svakom-136014158.png|https://cdn.shopify.com/s/files/1/0659/3334/4986/files/Vick_Neo_19136e93-6b2f-48ae-b103-ca8436412585.webp,8,1,SPM-03D,78.95,78.95,"[{""sku"": ""SPM-03D"", ""title"": ""Black"", ""price"": ""78.95"", ""compare_at_price"": null, ""available"": false, ""weight_grams"": 283}]"
7736481874138,ELLA NEO,mini-bullet-vibrator,https://www.svakom.com/products/mini-bullet-vibrator,Wearable Vibrators,"All Products, app-controlled sex toys, beginner's sex toys, Best Sellers, bluetooth control, bluetooth vibrator, bullet, Connexion Series, egg vibrators, female sex toys, lesbian sex toys, sex toys, Valentines Day, Verishop, vibrators, video interactive sex toys, wearable vibrator, webcam interactive sex toys","Small in Size, Sharp in Sensation

Ella Neo was designed for quick, direct, and highly focused stimulation. Its compact bullet form delivers precise vibration exactly where it’s needed, without distraction or complexity. Lightweight and easy to handle, it’s made for moments where simplicity and intensity meet in perfect balance.

Frequently Asked Questions

What is SVAKOM Ella Neo?
SVAKOM Ella Neo is a mini bullet vibrator designed for precise and focused stimulation.

Is it powerful despite its size?
Yes. It delivers strong, targeted vibration in a compact form.

Is it beginner-friendly?
Yes. It is simple, intuitive, and easy to use.

Can it be used discreetly?
Yes. Its small size makes it highly discreet.

Is it waterproof?
Yes. It is waterproof for easy cleaning.

How is it charged?
It uses USB charging.","<h2 data-section-id=""jeqptp"" data-start=""2368"" data-end=""2404"" class=""PDq2pG_selectionAnchorContainer"">Small in Size, Sharp in Sensation<span aria-hidden=""true"" class=""PDq2pG_selectionAnchor""></span>
</h2>
<p data-start=""2406"" data-end=""2701"">Ella Neo was designed for quick, direct, and highly focused stimulation. Its compact bullet form delivers precise vibration exactly where it’s needed, without distraction or complexity. Lightweight and easy to handle, it’s made for moments where simplicity and intensity meet in perfect balance.</p>
<hr data-start=""2703"" data-end=""2706"">
<h2 data-section-id=""1r8frcv"" data-start=""2708"" data-end=""2737"">Frequently Asked Questions</h2>
<p data-start=""2739"" data-end=""2857""><strong data-start=""2739"" data-end=""2767"">What is SVAKOM Ella Neo?</strong><br data-start=""2767"" data-end=""2770"">SVAKOM Ella Neo is a mini bullet vibrator designed for precise and focused stimulation.</p>
<p data-start=""2859"" data-end=""2960""><strong data-start=""2859"" data-end=""2895"">Is it powerful despite its size?</strong><br data-start=""2895"" data-end=""2898"">Yes. It delivers strong, targeted vibration in a compact form.</p>
<p data-start=""2962"" data-end=""3039""><strong data-start=""2962"" data-end=""2990"">Is it beginner-friendly?</strong><br data-start=""2990"" data-end=""2993"">Yes. It is simple, intuitive, and easy to use.</p>
<p data-start=""3041"" data-end=""3119""><strong data-start=""3041"" data-end=""3071"">Can it be used discreetly?</strong><br data-start=""3071"" data-end=""3074"">Yes. Its small size makes it highly discreet.</p>
<p data-start=""3121"" data-end=""3185""><strong data-start=""3121"" data-end=""3142"">Is it waterproof?</strong><br data-start=""3142"" data-end=""3145"">Yes. It is waterproof for easy cleaning.</p>
<p data-start=""3187"" data-end=""3233""><strong data-start=""3187"" data-end=""3209"">How is it charged?</strong><br data-start=""3209"" data-end=""3212"">It uses USB charging.</p>
<!---->",media/mini-bullet-vibrator/SCB-02D_1.webp|media/mini-bullet-vibrator/SCB-02D_2.webp|media/mini-bullet-vibrator/SCB-02D_3.webp|media/mini-bullet-vibrator/SCB-02D_4.webp|media/mini-bullet-vibrator/SCB-02D_5.webp|media/mini-bullet-vibrator/SCB-02D_6.webp|media/mini-bullet-vibrator/SCB-02D_7.webp|media/mini-bullet-vibrator/SCB-02D_8.webp|media/mini-bullet-vibrator/SCB-02D_9.webp,https://cdn.shopify.com/s/files/1/0659/3334/4986/files/Ella_Neo_svakom_1.webp|https://cdn.shopify.com/s/files/1/0659/3334/4986/files/Ella_Neo_svakom_2.webp|https://cdn.shopify.com/s/files/1/0659/3334/4986/files/Ella_Neo_svakom_3.webp|https://cdn.shopify.com/s/files/1/0659/3334/4986/files/Ella_Neo_svakom_4.webp|https://cdn.shopify.com/s/files/1/0659/3334/4986/files/Ella_Neo_svakom_5.webp|https://cdn.shopify.com/s/files/1/0659/3334/4986/files/Ella_Neo_svakom_6.webp|https://cdn.shopify.com/s/files/1/0659/3334/4986/files/Ella_Neo_svakom_7.webp|https://cdn.shopify.com/s/files/1/0659/3334/4986/files/Ella-Neo.webp|https://cdn.shopify.com/s/files/1/0659/3334/4986/files/Ella_Neo_svakom_8.webp,9,1,SCB-02D,73.95,73.95,"[{""sku"": ""SCB-02D"", ""title"": ""Red"", ""price"": ""73.95"", ""compare_at_price"": ""86.95"", ""available"": true, ""weight_grams"": 255}]"
7736481677530,ANGEL,flexible-heating-rabbit-vibrator,https://www.svakom.com/products/flexible-heating-rabbit-vibrator,G-Spot Vibrators,"3.5 charging, All Products, beginner's sex toys, classic vibrators, female sex toys, heating, rabbit, Rabbit Vibrators, sex toys, Verishop, vibrators","Made To Adapt To You

Every body is different.

Angel was designed with flexibility in mind, allowing you to adjust the shaft and stimulation points for a more personalized fit. Dual motors provide simultaneous stimulation, while the warming function adds comfort and helps create a more natural-feeling experience.

Flexible enough to fit.

Powerful enough to satisfy.

Frequently Asked Questions

What is SVAKOM Angel?

SVAKOM Angel is a flexible rabbit vibrator featuring dual motors, customizable vibration settings, and an independent warming function.

What makes Angel different from traditional rabbit vibrators?

Angel features a flexible shaft that can be adjusted to better match individual anatomy and preferences.

Does Angel have a heating function?

Yes. Angel warms to approximately 38°C and allows warmth and vibration to be used together or separately.

How many vibration settings does Angel offer?

Angel includes 8 vibration modes, including SVAKOM Intelligent Mode, with 5 intensity levels.

Is Angel suitable for beginners?

Yes. Adjustable intensity levels and a flexible design make Angel approachable for a wide range of users.

Is Angel waterproof?

Angel is rated IPX4 splash resistant and should not be submerged in water.

Can I use heating and vibration separately?

Yes. The warming and vibration functions can operate independently or together.

What material is Angel made from?

Angel is made from premium silicone and ABS materials.

How long does the battery last?

Angel provides up to approximately 3 hours of use after a full charge.

Why do people love Angel?

Many users appreciate Angel because its flexible design, dual stimulation, and warming technology allow for a more customized experience.","<h2>Made To Adapt To You</h2>
<p>Every body is different.</p>
<p>Angel was designed with flexibility in mind, allowing you to adjust the shaft and stimulation points for a more personalized fit. Dual motors provide simultaneous stimulation, while the warming function adds comfort and helps create a more natural-feeling experience.</p>
<p>Flexible enough to fit.</p>
<p>Powerful enough to satisfy.</p>
<hr>
<h2>Frequently Asked Questions</h2>
<h3>What is SVAKOM Angel?</h3>
<p>SVAKOM Angel is a flexible rabbit vibrator featuring dual motors, customizable vibration settings, and an independent warming function.</p>
<h3>What makes Angel different from traditional rabbit vibrators?</h3>
<p>Angel features a flexible shaft that can be adjusted to better match individual anatomy and preferences.</p>
<h3>Does Angel have a heating function?</h3>
<p>Yes. Angel warms to approximately 38°C and allows warmth and vibration to be used together or separately.</p>
<h3>How many vibration settings does Angel offer?</h3>
<p>Angel includes 8 vibration modes, including SVAKOM Intelligent Mode, with 5 intensity levels.</p>
<h3>Is Angel suitable for beginners?</h3>
<p>Yes. Adjustable intensity levels and a flexible design make Angel approachable for a wide range of users.</p>
<h3>Is Angel waterproof?</h3>
<p>Angel is rated IPX4 splash resistant and should not be submerged in water.</p>
<h3>Can I use heating and vibration separately?</h3>
<p>Yes. The warming and vibration functions can operate independently or together.</p>
<h3>What material is Angel made from?</h3>
<p>Angel is made from premium silicone and ABS materials.</p>
<h3>How long does the battery last?</h3>
<p>Angel provides up to approximately 3 hours of use after a full charge.</p>
<h3>Why do people love Angel?</h3>
<p>Many users appreciate Angel because its flexible design, dual stimulation, and warming technology allow for a more customized experience.</p>
<!---->",media/flexible-heating-rabbit-vibrator/SUDV-03B-PMR_1.webp|media/flexible-heating-rabbit-vibrator/SUDV-03B-PMR_2.webp|media/flexible-heating-rabbit-vibrator/SUDV-03B-PMR_3.webp|media/flexible-heating-rabbit-vibrator/SUDV-03B-PMR_4.webp|media/flexible-heating-rabbit-vibrator/SUDV-03B-PMR_5.webp|media/flexible-heating-rabbit-vibrator/SUDV-03B-PMR_6.webp|media/flexible-heating-rabbit-vibrator/SUDV-03B-PMR_7.webp|media/flexible-heating-rabbit-vibrator/SUDV-03B-PMR_8.webp|media/flexible-heating-rabbit-vibrator/SUDV-03B-PMR_9.webp,https://cdn.shopify.com/s/files/1/0659/3334/4986/files/Angel_svakom_1.webp|https://cdn.shopify.com/s/files/1/0659/3334/4986/files/ANGEL_GIF.webp|https://cdn.shopify.com/s/files/1/0659/3334/4986/files/Angel_svakom_2.webp|https://cdn.shopify.com/s/files/1/0659/3334/4986/files/Angel_svakom_3.webp|https://cdn.shopify.com/s/files/1/0659/3334/4986/files/Angel_svakom_4.webp|https://cdn.shopify.com/s/files/1/0659/3334/4986/files/Angel_svakom_5.webp|https://cdn.shopify.com/s/files/1/0659/3334/4986/files/Angel_svakom_6.webp|https://cdn.shopify.com/s/files/1/0659/3334/4986/files/Angel_svakom_7.webp|https://cdn.shopify.com/s/files/1/0659/3334/4986/files/Angel_svakom_8.webp,9,1,SUDV-03B-PMR,89.00,89.00,"[{""sku"": ""SUDV-03B-PMR"", ""title"": ""Plum Red"", ""price"": ""89.00"", ""compare_at_price"": null, ""available"": true, ""weight_grams"": 369}]"
7735417929946,TAMMY,cock-ring,https://www.svakom.com/products/cock-ring,Cock Rings,"All Products, cock rings, Male Sex Toys, Sex Toys for Couples, Valentines Day, Verishop","Simple Control, Steady Performance

Tammy was designed around a minimalist ring structure that focuses on steady support and consistent performance. It enhances sensation through controlled vibration without adding unnecessary complexity. Its lightweight form makes it easy to use, while maintaining reliable output throughout the session.

Tammy is built for users who prefer straightforward functionality over advanced features.

Frequently Asked Questions

What is SVAKOM Tammy?
Tammy is a vibrating cock ring designed for basic, steady stimulation support.

Does it have multiple modes?
Yes. It includes different vibration levels.

Is it beginner-friendly?
Yes. It is one of the simplest SVAKOM devices.

Is it comfortable?
Yes. It uses a flexible structure for easy fitting.

Is it waterproof?
Yes. It is waterproof.","<h2 data-section-id=""1rpowjq"" data-start=""4856"" data-end=""4893"" class=""PDq2pG_selectionAnchorContainer"">Simple Control, Steady Performance<span aria-hidden=""true"" class=""PDq2pG_selectionAnchor""></span>
</h2>
<p data-start=""4895"" data-end=""5198"">Tammy was designed around a minimalist ring structure that focuses on steady support and consistent performance. It enhances sensation through controlled vibration without adding unnecessary complexity. Its lightweight form makes it easy to use, while maintaining reliable output throughout the session.</p>
<p data-start=""5200"" data-end=""5289"">Tammy is built for users who prefer straightforward functionality over advanced features.</p>
<hr data-start=""5291"" data-end=""5294"">
<h2 data-section-id=""1r8frcv"" data-start=""5296"" data-end=""5325"">Frequently Asked Questions</h2>
<p data-start=""5327"" data-end=""5433""><strong data-start=""5327"" data-end=""5352"">What is SVAKOM Tammy?</strong><br data-start=""5352"" data-end=""5355"">Tammy is a vibrating cock ring designed for basic, steady stimulation support.</p>
<p data-start=""5435"" data-end=""5514""><strong data-start=""5435"" data-end=""5467"">Does it have multiple modes?</strong><br data-start=""5467"" data-end=""5470"">Yes. It includes different vibration levels.</p>
<p data-start=""5516"" data-end=""5593""><strong data-start=""5516"" data-end=""5544"">Is it beginner-friendly?</strong><br data-start=""5544"" data-end=""5547"">Yes. It is one of the simplest SVAKOM devices.</p>
<p data-start=""5595"" data-end=""5671""><strong data-start=""5595"" data-end=""5617"">Is it comfortable?</strong><br data-start=""5617"" data-end=""5620"">Yes. It uses a flexible structure for easy fitting.</p>
<p data-start=""5673"" data-end=""5719""><strong data-start=""5673"" data-end=""5694"">Is it waterproof?</strong><br data-start=""5694"" data-end=""5697"">Yes. It is waterproof.</p>
<!---->",media/cock-ring/S-38-VLT_1.jpg|media/cock-ring/S-38-VLT_2.webp|media/cock-ring/S-38-VLT_3.jpg|media/cock-ring/S-38-VLT_4.jpg|media/cock-ring/S-38-VLT_5.jpg|media/cock-ring/S-38-VLT_6.jpg|media/cock-ring/S-38-VLT_7.jpg|media/cock-ring/S-38-VLT_8.jpg|media/cock-ring/S-38-VLT_9.jpg|media/cock-ring/S-38-VLT_10.jpg|media/cock-ring/S-38-VLT_11.jpg|media/cock-ring/S-38-VLT_12.jpg|media/cock-ring/S-38-VLT_13.jpg,https://cdn.shopify.com/s/files/1/0659/3334/4986/files/IMG-9318.jpg|https://cdn.shopify.com/s/files/1/0659/3334/4986/files/TAMMY_GIF.webp|https://cdn.shopify.com/s/files/1/0659/3334/4986/files/70418AD9-0F4D-48B7-A487-638FF146E896.jpg|https://cdn.shopify.com/s/files/1/0659/3334/4986/files/0863DBE5-2ED8-441E-8128-0F69A943DCF9.jpg|https://cdn.shopify.com/s/files/1/0659/3334/4986/files/C627206A-CD40-4EAA-AF41-CE2E30235A7F.jpg|https://cdn.shopify.com/s/files/1/0659/3334/4986/files/1E2773FC-835D-4F0E-B1BB-66B737A713FC.jpg|https://cdn.shopify.com/s/files/1/0659/3334/4986/files/3A7A7654-DB19-42F5-8F6C-78F97F94D37C.jpg|https://cdn.shopify.com/s/files/1/0659/3334/4986/files/72CFA08C-79FC-4DA6-A530-F79D1D4575CF.jpg|https://cdn.shopify.com/s/files/1/0659/3334/4986/files/E16BF56C-33A5-43A9-AEE8-3CDB23973F8C.jpg|https://cdn.shopify.com/s/files/1/0659/3334/4986/files/4E80B8EA-B39D-4244-86CC-761E14773851.jpg|https://cdn.shopify.com/s/files/1/0659/3334/4986/files/B0E311DB-A0C5-4579-9D27-F8CD1A95C7AE.jpg|https://cdn.shopify.com/s/files/1/0659/3334/4986/files/69EDCB90-0C91-4928-AB59-A3A1BE52699C.jpg|https://cdn.shopify.com/s/files/1/0659/3334/4986/files/IMG-9317.jpg,13,1,S-38-VLT,70.95,70.95,"[{""sku"": ""S-38-VLT"", ""title"": ""Violet"", ""price"": ""70.95"", ""compare_at_price"": null, ""available"": true, ""weight_grams"": 255}]"
7735417864410,NYMPH,clitoral-massager-vibrator,https://www.svakom.com/products/clitoral-massager-vibrator,Clitoral Vibrators,"All Products, awards, beginner's sex toys, clitoral vibrators, female sex toys, Foreplay Toys, foreplay vibrators, gender neutral, lesbian sex toys, LGBT sex toys, Sex Toys for Couples, Valentines Day, Verishop, vibrators","More Than Vibration

Pleasure feels different when it can move.

Nymph combines broad vibration with three rotating fingers designed to create a more dynamic experience. Its flexible neck allows the soft vibrating head to adapt to different angles, while the moving fingers add an entirely different layer of sensation.

Instead of relying on vibration alone, Nymph introduces movement, variety, and exploration into every session.

Curious by design.

Unforgettable by nature.

Frequently Asked Questions

What is SVAKOM Nymph?

SVAKOM Nymph is a vibrator featuring a soft vibrating head and three rotating fingers designed to provide varied external stimulation.

What makes Nymph different from traditional vibrators?

Nymph combines vibration with rotating finger movement, creating multiple sensations in a single device.

What do the rotating fingers do?

The three moving fingers provide additional stimulation and help create a more dynamic experience than vibration alone.

Is Nymph suitable for beginners?

Yes. Nymph's broad vibrating head and adjustable settings make it approachable for new users.

How many modes does Nymph have?

Nymph includes 5 vibration modes and 3 rotating finger modes with multiple intensity levels.

Is Nymph waterproof?

Yes. Nymph is IPX7 waterproof and easy to clean.

Does Nymph have a flexible neck?

Yes. The flexible neck allows the vibrating head to adapt to different positions and angles.

What material is Nymph made from?

Nymph is made from premium silicone that feels soft and comfortable against the skin.

How long does the battery last?

Nymph provides approximately 1 hour of use on a full charge.

Why do people love Nymph?

Many users enjoy Nymph because the combination of vibration and moving fingers creates a more varied and engaging experience than traditional designs.","<h2>More Than Vibration</h2>
<p>Pleasure feels different when it can move.</p>
<p>Nymph combines broad vibration with three rotating fingers designed to create a more dynamic experience. Its flexible neck allows the soft vibrating head to adapt to different angles, while the moving fingers add an entirely different layer of sensation.</p>
<p>Instead of relying on vibration alone, Nymph introduces movement, variety, and exploration into every session.</p>
<p>Curious by design.</p>
<p>Unforgettable by nature.</p>
<hr>
<h2>Frequently Asked Questions</h2>
<h3>What is SVAKOM Nymph?</h3>
<p>SVAKOM Nymph is a vibrator featuring a soft vibrating head and three rotating fingers designed to provide varied external stimulation.</p>
<h3>What makes Nymph different from traditional vibrators?</h3>
<p>Nymph combines vibration with rotating finger movement, creating multiple sensations in a single device.</p>
<h3>What do the rotating fingers do?</h3>
<p>The three moving fingers provide additional stimulation and help create a more dynamic experience than vibration alone.</p>
<h3>Is Nymph suitable for beginners?</h3>
<p>Yes. Nymph's broad vibrating head and adjustable settings make it approachable for new users.</p>
<h3>How many modes does Nymph have?</h3>
<p>Nymph includes 5 vibration modes and 3 rotating finger modes with multiple intensity levels.</p>
<h3>Is Nymph waterproof?</h3>
<p>Yes. Nymph is IPX7 waterproof and easy to clean.</p>
<h3>Does Nymph have a flexible neck?</h3>
<p>Yes. The flexible neck allows the vibrating head to adapt to different positions and angles.</p>
<h3>What material is Nymph made from?</h3>
<p>Nymph is made from premium silicone that feels soft and comfortable against the skin.</p>
<h3>How long does the battery last?</h3>
<p>Nymph provides approximately 1 hour of use on a full charge.</p>
<h3>Why do people love Nymph?</h3>
<p>Many users enjoy Nymph because the combination of vibration and moving fingers creates a more varied and engaging experience than traditional designs.</p>
<!---->",media/clitoral-massager-vibrator/S22_1.webp|media/clitoral-massager-vibrator/S22_2.webp|media/clitoral-massager-vibrator/S22_3.webp|media/clitoral-massager-vibrator/S22_4.webp|media/clitoral-massager-vibrator/S22_5.webp|media/clitoral-massager-vibrator/S22_6.webp|media/clitoral-massager-vibrator/S22_7.webp|media/clitoral-massager-vibrator/S22_8.webp|media/clitoral-massager-vibrator/S22_9.webp|media/clitoral-massager-vibrator/S22_10.webp|media/clitoral-massager-vibrator/S22_11.webp,https://cdn.shopify.com/s/files/1/0659/3334/4986/files/Nymph_svakom_1.webp|https://cdn.shopify.com/s/files/1/0659/3334/4986/files/NYMPH_GIF.webp|https://cdn.shopify.com/s/files/1/0659/3334/4986/files/Nymph_svakom_2.webp|https://cdn.shopify.com/s/files/1/0659/3334/4986/files/Nymph_svakom_3.webp|https://cdn.shopify.com/s/files/1/0659/3334/4986/files/Nymph_svakom_4.webp|https://cdn.shopify.com/s/files/1/0659/3334/4986/files/Nymph_svakom_5.webp|https://cdn.shopify.com/s/files/1/0659/3334/4986/files/Nymph_svakom_6.webp|https://cdn.shopify.com/s/files/1/0659/3334/4986/files/Nymph_svakom_7.webp|https://cdn.shopify.com/s/files/1/0659/3334/4986/files/Nymph_svakom_8.webp|https://cdn.shopify.com/s/files/1/0659/3334/4986/files/Nymph_svakom_10.webp|https://cdn.shopify.com/s/files/1/0659/3334/4986/files/Nymph_svakom_9.webp,11,1,S22,109.00,109.00,"[{""sku"": ""S22"", ""title"": ""Pink"", ""price"": ""109.00"", ""compare_at_price"": null, ""available"": true, ""weight_grams"": 369}]"
7735417766106,VICK,prostate-massager,https://www.svakom.com/products/prostate-massager,Sensations,"hidden, Hidden recommendation, Hidden upsell recommendation, Verishop",,<!---->,media/prostate-massager/SPM-03W-BLK_1.png|media/prostate-massager/SPM-03W-BLK_2.webp|media/prostate-massager/SPM-03W-BLK_3.png|media/prostate-massager/SPM-03W-BLK_4.png|media/prostate-massager/SPM-03W-BLK_5.png|media/prostate-massager/SPM-03W-BLK_6.png,https://cdn.shopify.com/s/files/1/0659/3334/4986/files/VICK_dd5db00f-c489-45b3-8c55-0f7973454c14.png|https://cdn.shopify.com/s/files/1/0659/3334/4986/files/VICK_GIF.webp|https://cdn.shopify.com/s/files/1/0659/3334/4986/files/VICK-Svakom-136008521.png|https://cdn.shopify.com/s/files/1/0659/3334/4986/files/VICK-Svakom-136008634.png|https://cdn.shopify.com/s/files/1/0659/3334/4986/files/VICK-Svakom-136008749.png|https://cdn.shopify.com/s/files/1/0659/3334/4986/files/VICK-Svakom-136008828.png,6,1,SPM-03W-BLK,51.95,51.95,"[{""sku"": ""SPM-03W-BLK"", ""title"": ""Black"", ""price"": ""51.95"", ""compare_at_price"": null, ""available"": false, ""weight_grams"": 283}]"
7735417667802,ELLA,egg-bullet-vibrator,https://www.svakom.com/products/egg-bullet-vibrator,Sensations,"awards, hidden, Hidden recommendation, Hidden upsell recommendation, Verishop",,<!---->,media/egg-bullet-vibrator/SCB-02A-RED_1.png|media/egg-bullet-vibrator/SCB-02A-RED_2.webp|media/egg-bullet-vibrator/SCB-02A-RED_3.png|media/egg-bullet-vibrator/SCB-02A-RED_4.jpg|media/egg-bullet-vibrator/SCB-02A-RED_5.jpg|media/egg-bullet-vibrator/SCB-02A-RED_6.png|media/egg-bullet-vibrator/SCB-02A-RED_7.jpg,https://cdn.shopify.com/s/files/1/0659/3334/4986/files/ELLA_70c00f53-5d7b-4f87-8707-47141c4968cf.png|https://cdn.shopify.com/s/files/1/0659/3334/4986/files/ELLA_GIF.webp|https://cdn.shopify.com/s/files/1/0659/3334/4986/files/ELLA-Svakom-136007862.png|https://cdn.shopify.com/s/files/1/0659/3334/4986/files/ELLA-Svakom-136007918.jpg|https://cdn.shopify.com/s/files/1/0659/3334/4986/files/ELLA-Svakom-136008037.jpg|https://cdn.shopify.com/s/files/1/0659/3334/4986/files/ELLA-Svakom-136008197.png|https://cdn.shopify.com/s/files/1/0659/3334/4986/files/16_Ella.jpg,7,1,SCB-02A-RED,53.95,53.95,"[{""sku"": ""SCB-02A-RED"", ""title"": ""Red"", ""price"": ""53.95"", ""compare_at_price"": ""82.95"", ""available"": false, ""weight_grams"": 255}]"
7735417503962,JULIE,anal-vibrator,https://www.svakom.com/products/anal-vibrator,Sensations,"hidden, Hidden recommendation, Hidden upsell recommendation","Everyone loves a little curve, and Julie uses its angled head to hit all the sweet spots. Stimulate your prostate or G-spot in stylish violet utilizing powerful vibrations.","Everyone loves a little curve, and Julie uses its angled head to hit all the sweet spots. Stimulate your prostate or G-spot in stylish violet utilizing powerful vibrations.",media/anal-vibrator/SPM-04W_1.png|media/anal-vibrator/SPM-04W_2.png|media/anal-vibrator/SPM-04W_3.png|media/anal-vibrator/SPM-04W_4.png|media/anal-vibrator/SPM-04W_5.png,https://cdn.shopify.com/s/files/1/0659/3334/4986/files/JULIE_6e1bb8b1-91bf-409d-b5ac-2f141f273c96.png|https://cdn.shopify.com/s/files/1/0659/3334/4986/files/JULIE-Svakom-136006419.png|https://cdn.shopify.com/s/files/1/0659/3334/4986/files/JULIE-Svakom-136006598.png|https://cdn.shopify.com/s/files/1/0659/3334/4986/files/JULIE-Svakom-136006662.png|https://cdn.shopify.com/s/files/1/0659/3334/4986/files/JULIE-Svakom-136006724.png,5,1,SPM-04W,78.95,78.95,"[{""sku"": ""SPM-04W"", ""title"": ""Violet"", ""price"": ""78.95"", ""compare_at_price"": null, ""available"": false, ""weight_grams"": 255}]"
7735417438426,WINNI,vibrating-cock-ring-winni,https://www.svakom.com/products/vibrating-cock-ring-winni,Sensations,"hidden, Hidden recommendation, Hidden upsell recommendation",,<!---->,media/vibrating-cock-ring-winni/Sring-02W-VLT_1.png|media/vibrating-cock-ring-winni/Sring-02W-VLT_2.webp|media/vibrating-cock-ring-winni/Sring-02W-VLT_3.png|media/vibrating-cock-ring-winni/Sring-02W-VLT_4.png|media/vibrating-cock-ring-winni/Sring-02W-VLT_5.png|media/vibrating-cock-ring-winni/Sring-02W-VLT_6.png|media/vibrating-cock-ring-winni/Sring-02W-VLT_7.png|media/vibrating-cock-ring-winni/Sring-02W-VLT_8.png,https://cdn.shopify.com/s/files/1/0659/3334/4986/files/WINNI_7efa6552-7fc3-48a0-83cf-01886eddfe18.png|https://cdn.shopify.com/s/files/1/0659/3334/4986/files/WINNI.webp|https://cdn.shopify.com/s/files/1/0659/3334/4986/files/WINNI-Svakom-136005580.png|https://cdn.shopify.com/s/files/1/0659/3334/4986/files/WINNI-Svakom-136005629.png|https://cdn.shopify.com/s/files/1/0659/3334/4986/files/WINNI-Svakom-136005795.png|https://cdn.shopify.com/s/files/1/0659/3334/4986/files/WINNI-Svakom-136005856.png|https://cdn.shopify.com/s/files/1/0659/3334/4986/files/WINNI-Svakom-136005991.png|https://cdn.shopify.com/s/files/1/0659/3334/4986/files/WINNI-Svakom-136006081.png,8,1,Sring-02W-VLT,60.95,60.95,"[{""sku"": ""Sring-02W-VLT"", ""title"": ""Violet"", ""price"": ""60.95"", ""compare_at_price"": null, ""available"": false, ""weight_grams"": 255}]"
7735417340122,CICI,vibrator-beginners,https://www.svakom.com/products/vibrator-beginners,G-Spot Vibrators,"All Products, Beginner, beginner's sex toys, classic vibrators, female sex toys, female toys, g-spot, g-spot vibrators, LimitedTimeSales, related, sex toy, sex toys, Verishop, vibrator, vibrators","A Gentle Start Into Pleasure

Cici was designed as a soft introduction to vibration-based pleasure, focusing on comfort, simplicity, and intuitive control. Its lightweight body and smooth stimulation profile make it easy to explore sensations without complexity or pressure. Whether it’s your first device or a return to basics, Cici creates a calm and approachable experience that lets you discover what feels right at your own pace.

What is the best vibrator for beginners?

The best vibrator for beginners is simple, gentle, and easy to control. Products like the SVAKOM CICI are designed with soft silicone, intuitive buttons, and balanced vibration levels, making them ideal for first-time users exploring comfort and control.

Is SVAKOM CICI safe for first-time users?

Yes, the SVAKOM CICI is designed with beginners in mind. It uses body-safe silicone and offers gentle vibration modes, allowing new users to explore safely, comfortably, and at their own pace with minimal learning curve.

How do I use the SVAKOM CICI for the first time?

Start with the lowest setting and explore slowly. The SVAKOM CICI is designed for easy handling and smooth control, allowing beginners to gradually adjust intensity and discover what feels most comfortable without pressure.

Is SVAKOM CICI strong enough for beginners?

Yes, the SVAKOM CICI provides gentle yet effective stimulation. It is intentionally designed to avoid overwhelming intensity, while still offering multiple vibration modes that can be increased as users become more comfortable.

What makes SVAKOM CICI beginner-friendly?

The SVAKOM CICI features soft silicone, a compact ergonomic design, quiet motor, and simple controls. These features make it easy to use, comfortable to hold, and ideal for anyone starting their first vibrator experience.

Do I need lubricant with SVAKOM CICI?

Using a water-based lubricant with the SVAKOM CICI can improve comfort and reduce friction, especially for beginners. It helps create a smoother, more enjoyable experience and enhances overall ease of use.

How do I clean the SVAKOM CICI?

Clean the SVAKOM CICI after each use with warm water and a mild toy cleaner or gentle soap. Dry it completely before storing to maintain hygiene and extend the product’s lifespan.

Is SVAKOM CICI quiet and discreet?

Yes, the SVAKOM CICI is designed with a whisper-quiet motor. This makes it ideal for discreet use, allowing beginners to explore with confidence and privacy.

How do I choose my first vibrator like SVAKOM CICI?

Choose a vibrator that is compact, soft, and easy to control. The SVAKOM CICI is a great example of a beginner-friendly vibrator that balances comfort, simplicity, and performance.

Can beginners start with SVAKOM CICI?

Yes, the SVAKOM CICI is specifically designed for beginners. Its gentle stimulation, intuitive design, and body-safe materials make it a reliable choice for a first-time experience.","<h2 data-section-id=""3a9hb4"" data-start=""159"" data-end=""190"" class=""PDq2pG_selectionAnchorContainer"">A Gentle Start Into Pleasure<span aria-hidden=""true"" class=""PDq2pG_selectionAnchor""></span>
</h2>
<p data-start=""192"" data-end=""596"">Cici was designed as a soft introduction to vibration-based pleasure, focusing on comfort, simplicity, and intuitive control. Its lightweight body and smooth stimulation profile make it easy to explore sensations without complexity or pressure. Whether it’s your first device or a return to basics, Cici creates a calm and approachable experience that lets you discover what feels right at your own pace.</p>
<h3 data-section-id=""sqpkx"" data-start=""174"" data-end=""224""><strong data-start=""178"" data-end=""222"">What is the best vibrator for beginners?</strong></h3>
<p data-start=""225"" data-end=""479"">The best vibrator for beginners is simple, gentle, and easy to control. Products like the SVAKOM CICI are designed with soft silicone, intuitive buttons, and balanced vibration levels, making them ideal for first-time users exploring comfort and control.</p>
<hr data-start=""481"" data-end=""484"">
<h3 data-section-id=""im9ric"" data-start=""486"" data-end=""537""><strong data-start=""490"" data-end=""535"">Is SVAKOM CICI safe for first-time users?</strong></h3>
<p data-start=""538"" data-end=""758"">Yes, the SVAKOM CICI is designed with beginners in mind. It uses body-safe silicone and offers gentle vibration modes, allowing new users to explore safely, comfortably, and at their own pace with minimal learning curve.</p>
<hr data-start=""760"" data-end=""763"">
<h3 data-section-id=""12nszw1"" data-start=""765"" data-end=""823""><strong data-start=""769"" data-end=""821"">How do I use the SVAKOM CICI for the first time?</strong></h3>
<p data-start=""824"" data-end=""1047"">Start with the lowest setting and explore slowly. The SVAKOM CICI is designed for easy handling and smooth control, allowing beginners to gradually adjust intensity and discover what feels most comfortable without pressure.</p>
<hr data-start=""1049"" data-end=""1052"">
<h3 data-section-id=""1izke45"" data-start=""1054"" data-end=""1107""><strong data-start=""1058"" data-end=""1105"">Is SVAKOM CICI strong enough for beginners?</strong></h3>
<p data-start=""1108"" data-end=""1335"">Yes, the SVAKOM CICI provides gentle yet effective stimulation. It is intentionally designed to avoid overwhelming intensity, while still offering multiple vibration modes that can be increased as users become more comfortable.</p>
<hr data-start=""1337"" data-end=""1340"">
<h3 data-section-id=""bb322j"" data-start=""1342"" data-end=""1393""><strong data-start=""1346"" data-end=""1391"">What makes SVAKOM CICI beginner-friendly?</strong></h3>
<p data-start=""1394"" data-end=""1615"">The SVAKOM CICI features soft silicone, a compact ergonomic design, quiet motor, and simple controls. These features make it easy to use, comfortable to hold, and ideal for anyone starting their first vibrator experience.</p>
<hr data-start=""1617"" data-end=""1620"">
<h3 data-section-id=""ji7ie"" data-start=""1622"" data-end=""1669""><strong data-start=""1626"" data-end=""1667"">Do I need lubricant with SVAKOM CICI?</strong></h3>
<p data-start=""1670"" data-end=""1875"">Using a water-based lubricant with the SVAKOM CICI can improve comfort and reduce friction, especially for beginners. It helps create a smoother, more enjoyable experience and enhances overall ease of use.</p>
<hr data-start=""1877"" data-end=""1880"">
<h3 data-section-id=""lcwcuy"" data-start=""1882"" data-end=""1923""><strong data-start=""1886"" data-end=""1921"">How do I clean the SVAKOM CICI?</strong></h3>
<p data-start=""1924"" data-end=""2103"">Clean the SVAKOM CICI after each use with warm water and a mild toy cleaner or gentle soap. Dry it completely before storing to maintain hygiene and extend the product’s lifespan.</p>
<hr data-start=""2105"" data-end=""2108"">
<h3 data-section-id=""1rempwi"" data-start=""2110"" data-end=""2154""><strong data-start=""2114"" data-end=""2152"">Is SVAKOM CICI quiet and discreet?</strong></h3>
<p data-start=""2155"" data-end=""2312"">Yes, the SVAKOM CICI is designed with a whisper-quiet motor. This makes it ideal for discreet use, allowing beginners to explore with confidence and privacy.</p>
<hr data-start=""2314"" data-end=""2317"">
<h3 data-section-id=""1v7k06x"" data-start=""2319"" data-end=""2380""><strong data-start=""2323"" data-end=""2378"">How do I choose my first vibrator like SVAKOM CICI?</strong></h3>
<p data-start=""2381"" data-end=""2561"">Choose a vibrator that is compact, soft, and easy to control. The SVAKOM CICI is a great example of a beginner-friendly vibrator that balances comfort, simplicity, and performance.</p>
<hr data-start=""2563"" data-end=""2566"">
<h3 data-section-id=""fchu2f"" data-start=""2568"" data-end=""2615""><strong data-start=""2572"" data-end=""2613"">Can beginners start with SVAKOM CICI?</strong></h3>
<p data-start=""2616"" data-end=""2797"">Yes, the SVAKOM CICI is specifically designed for beginners. Its gentle stimulation, intuitive design, and body-safe materials make it a reliable choice for a first-time experience.</p>
<!---->",media/vibrator-beginners/SG-02B-VLT_1.webp|media/vibrator-beginners/SG-02B-VLT_2.webp|media/vibrator-beginners/SG-02B-VLT_3.webp|media/vibrator-beginners/SG-02B-VLT_4.webp|media/vibrator-beginners/SG-02B-VLT_5.webp|media/vibrator-beginners/SG-02B-VLT_6.webp|media/vibrator-beginners/SG-02B-VLT_7.webp|media/vibrator-beginners/SG-02B-VLT_8.webp|media/vibrator-beginners/SG-02B-VLT_9.webp,https://cdn.shopify.com/s/files/1/0659/3334/4986/files/cici_svakom_1_7075164e-0ef7-4758-b911-979499eec3da.webp|https://cdn.shopify.com/s/files/1/0659/3334/4986/files/CICI_GIF.webp|https://cdn.shopify.com/s/files/1/0659/3334/4986/files/cici_svakom_2.webp|https://cdn.shopify.com/s/files/1/0659/3334/4986/files/cici_svakom_3.webp|https://cdn.shopify.com/s/files/1/0659/3334/4986/files/cici_svakom_4.webp|https://cdn.shopify.com/s/files/1/0659/3334/4986/files/cici_svakom_5.webp|https://cdn.shopify.com/s/files/1/0659/3334/4986/files/cici_svakom_6.webp|https://cdn.shopify.com/s/files/1/0659/3334/4986/files/cici_svakom_7.webp|https://cdn.shopify.com/s/files/1/0659/3334/4986/files/cici_svakom_8.webp,9,1,SG-02B-VLT,37.95,37.95,"[{""sku"": ""SG-02B-VLT"", ""title"": ""Violet"", ""price"": ""37.95"", ""compare_at_price"": ""60.95"", ""available"": true, ""weight_grams"": 340}]"
7735374414042,ELVA,egg-bullet-vibrator-elva,https://www.svakom.com/products/egg-bullet-vibrator-elva,G-Spot Vibrators,"All Products, awards, beginner's sex toys, bullet, Christmas, egg vibrators, female sex toys, g-spot vibrators, lesbian sex toys, Remote Controlled Toys, remote-controlled, remote-controlled sex toys, sex toys, Verishop, vibrators, wearable vibrator","A Soft Pulse That Moves With You

Elva was designed to create a smooth, rhythmic pulsing experience in a compact egg-shaped form. It focuses on gentle yet consistent stimulation that adapts easily to different moods and levels of sensitivity. With its soft structure and quiet operation, Elva feels natural, discreet, and easy to incorporate into private moments.

Frequently Asked Questions

What is SVAKOM Elva?
SVAKOM Elva is an egg-shaped bullet vibrator designed for soft, pulsing stimulation.

How strong is Elva?
It offers gentle to moderate intensity levels for controlled comfort.

Is it quiet?
Yes. It is designed for discreet, low-noise use.

Can I use it anywhere?
Its compact size allows flexible and discreet use scenarios.

Is it waterproof?
Yes. It is waterproof and easy to clean.

Is it beginner-friendly?
Yes. It is ideal for first-time users.","<h2 data-section-id=""173pyn3"" data-start=""3274"" data-end=""3309"" class=""PDq2pG_selectionAnchorContainer"">A Soft Pulse That Moves With You<span aria-hidden=""true"" class=""PDq2pG_selectionAnchor""></span>
</h2>
<p data-start=""3311"" data-end=""3640"">Elva was designed to create a smooth, rhythmic pulsing experience in a compact egg-shaped form. It focuses on gentle yet consistent stimulation that adapts easily to different moods and levels of sensitivity. With its soft structure and quiet operation, Elva feels natural, discreet, and easy to incorporate into private moments.</p>
<hr data-start=""3642"" data-end=""3645"">
<h2 data-section-id=""1r8frcv"" data-start=""3647"" data-end=""3676"">Frequently Asked Questions</h2>
<p data-start=""3678"" data-end=""3789""><strong data-start=""3678"" data-end=""3702"">What is SVAKOM Elva?</strong><br data-start=""3702"" data-end=""3705"">SVAKOM Elva is an egg-shaped bullet vibrator designed for soft, pulsing stimulation.</p>
<p data-start=""3791"" data-end=""3886""><strong data-start=""3791"" data-end=""3814"">How strong is Elva?</strong><br data-start=""3814"" data-end=""3817"">It offers gentle to moderate intensity levels for controlled comfort.</p>
<p data-start=""3888"" data-end=""3955""><strong data-start=""3888"" data-end=""3904"">Is it quiet?</strong><br data-start=""3904"" data-end=""3907"">Yes. It is designed for discreet, low-noise use.</p>
<p data-start=""3957"" data-end=""4046""><strong data-start=""3957"" data-end=""3983"">Can I use it anywhere?</strong><br data-start=""3983"" data-end=""3986"">Its compact size allows flexible and discreet use scenarios.</p>
<p data-start=""4048"" data-end=""4112""><strong data-start=""4048"" data-end=""4069"">Is it waterproof?</strong><br data-start=""4069"" data-end=""4072"">Yes. It is waterproof and easy to clean.</p>
<p data-start=""4114"" data-end=""4183""><strong data-start=""4114"" data-end=""4142"">Is it beginner-friendly?</strong><br data-start=""4142"" data-end=""4145"">Yes. It is ideal for first-time users.</p>
<!---->",media/egg-bullet-vibrator-elva/SCB-02-PMR_1.webp|media/egg-bullet-vibrator-elva/SCB-02-PMR_2.webp|media/egg-bullet-vibrator-elva/SCB-02-PMR_3.webp|media/egg-bullet-vibrator-elva/SCB-02-PMR_4.webp|media/egg-bullet-vibrator-elva/SCB-02-PMR_5.webp|media/egg-bullet-vibrator-elva/SCB-02-PMR_6.webp|media/egg-bullet-vibrator-elva/SCB-02-PMR_7.webp|media/egg-bullet-vibrator-elva/SCB-02-PMR_8.webp|media/egg-bullet-vibrator-elva/SCB-02-PMR_9.webp|media/egg-bullet-vibrator-elva/SCB-02-PMR_10.webp,https://cdn.shopify.com/s/files/1/0659/3334/4986/files/Elva_svakom_1.webp|https://cdn.shopify.com/s/files/1/0659/3334/4986/files/ELVA_GIF.webp|https://cdn.shopify.com/s/files/1/0659/3334/4986/files/Elva_svakom_2.webp|https://cdn.shopify.com/s/files/1/0659/3334/4986/files/Elva_svakom_3.webp|https://cdn.shopify.com/s/files/1/0659/3334/4986/files/Elva_svakom_4.webp|https://cdn.shopify.com/s/files/1/0659/3334/4986/files/Elva_svakom_5.webp|https://cdn.shopify.com/s/files/1/0659/3334/4986/files/Elva_svakom_6.webp|https://cdn.shopify.com/s/files/1/0659/3334/4986/files/Elva_svakom_7.webp|https://cdn.shopify.com/s/files/1/0659/3334/4986/files/Elva_svakom_8.webp|https://cdn.shopify.com/s/files/1/0659/3334/4986/files/Elva_svakom_9.webp,10,2,SCB-02-PMR|6959633124451,71.00,71.00,"[{""sku"": ""SCB-02-PMR"", ""title"": ""Plum Red"", ""price"": ""71.00"", ""compare_at_price"": null, ""available"": true, ""weight_grams"": 283}, {""sku"": ""6959633124451"", ""title"": ""Violet"", ""price"": ""71.00"", ""compare_at_price"": null, ""available"": true, ""weight_grams"": 283}]"
7735374381274,PRIMO,anal-massager,https://www.svakom.com/products/anal-massager,Sensations,"hidden, Hidden recommendation, Hidden upsell recommendation, Verishop",,<!---->,media/anal-massager/SPM-01-PMR_1.png|media/anal-massager/SPM-01-PMR_2.webp|media/anal-massager/SPM-01-PMR_3.png|media/anal-massager/SPM-01-PMR_4.png|media/anal-massager/SPM-01-PMR_5.png|media/anal-massager/SPM-01-PMR_6.png|media/anal-massager/SPM-01-PMR_7.jpg|media/anal-massager/SPM-01-PMR_8.jpg,https://cdn.shopify.com/s/files/1/0659/3334/4986/files/PRIMO_ce5fc8eb-00cb-4b91-b9c4-dedfbb2e18c4.png|https://cdn.shopify.com/s/files/1/0659/3334/4986/files/PRIMO_GIF.webp|https://cdn.shopify.com/s/files/1/0659/3334/4986/files/PRIMO-Svakom-136002594.png|https://cdn.shopify.com/s/files/1/0659/3334/4986/files/PRIMO-B.png|https://cdn.shopify.com/s/files/1/0659/3334/4986/files/PRIMO-Svakom-136002840.png|https://cdn.shopify.com/s/files/1/0659/3334/4986/files/PRIMO-Svakom-136002762.png|https://cdn.shopify.com/s/files/1/0659/3334/4986/files/PRIMO-Svakom-136002914.jpg|https://cdn.shopify.com/s/files/1/0659/3334/4986/files/PRIMO-Svakom-136003089.jpg,8,2,SPM-01-PMR|SPM-01-BLK,69.95,69.95,"[{""sku"": ""SPM-01-PMR"", ""title"": ""Wine Red"", ""price"": ""69.95"", ""compare_at_price"": null, ""available"": false, ""weight_grams"": 255}, {""sku"": ""SPM-01-BLK"", ""title"": ""Black"", ""price"": ""69.95"", ""compare_at_price"": null, ""available"": false, ""weight_grams"": 255}]"
7735374282970,TRYSTA,rabbit-vibrator-trysta,https://www.svakom.com/products/rabbit-vibrator-trysta,Sensations,"Disable SATCB, hidden, Hidden recommendation, Hidden upsell recommendation, UNSOLD, Verishop",,<!---->,media/rabbit-vibrator-trysta/STG-01-PMR_1.png|media/rabbit-vibrator-trysta/STG-01-PMR_2.webp|media/rabbit-vibrator-trysta/STG-01-PMR_3.png|media/rabbit-vibrator-trysta/STG-01-PMR_4.png|media/rabbit-vibrator-trysta/STG-01-PMR_5.png|media/rabbit-vibrator-trysta/STG-01-PMR_6.png|media/rabbit-vibrator-trysta/STG-01-PMR_7.png|media/rabbit-vibrator-trysta/STG-01-PMR_8.png,https://cdn.shopify.com/s/files/1/0659/3334/4986/files/TRYSTA-A.png|https://cdn.shopify.com/s/files/1/0659/3334/4986/files/TRYSTA_GIF.webp|https://cdn.shopify.com/s/files/1/0659/3334/4986/files/TRYSTA-Svakom-136001629.png|https://cdn.shopify.com/s/files/1/0659/3334/4986/files/TRYSTA-B.png|https://cdn.shopify.com/s/files/1/0659/3334/4986/files/TRYSTA-Svakom-136002160.png|https://cdn.shopify.com/s/files/1/0659/3334/4986/files/TRYSTA-Svakom-136001756.png|https://cdn.shopify.com/s/files/1/0659/3334/4986/files/TRYSTA-Svakom-136001830.png|https://cdn.shopify.com/s/files/1/0659/3334/4986/files/TRYSTA-Svakom-136002236.png,8,2,STG-01-PMR|STG-01-V,84.95,84.95,"[{""sku"": ""STG-01-PMR"", ""title"": ""Plum Red"", ""price"": ""84.95"", ""compare_at_price"": null, ""available"": false, ""weight_grams"": 369}, {""sku"": ""STG-01-V"", ""title"": ""Violet"", ""price"": ""84.95"", ""compare_at_price"": null, ""available"": false, ""weight_grams"": 369}]"
7731229819098,TYLER,dual-wearable-cock-ring,https://www.svakom.com/products/dual-wearable-cock-ring,Cock Rings,"All Products, beginner's sex toys, cock rings, Male Sex Toys, sex toys, Sex Toys for Couples, Valentines Day, Verishop","Dual Support, Shared Sensation

Tyler was designed as a dual wearable system that enhances sensation through simultaneous stimulation support. Its structure focuses on shared engagement and stability, allowing consistent performance during use. The dual-ring design ensures a secure fit while maintaining flexibility and comfort.

Frequently Asked Questions

What is SVAKOM Tyler?
Tyler is a dual wearable cock ring designed for enhanced stimulation support.

What does “dual” mean?
It uses two support points for more stable and layered sensation.

Is it comfortable?
Yes. It is designed with flexible materials for comfort.

Is it beginner-friendly?
Yes. It is simple to use.

Is it waterproof?
Yes. It is waterproof.","<h2 data-section-id=""6xl59h"" data-start=""8206"" data-end=""8239"" class=""PDq2pG_selectionAnchorContainer"">Dual Support, Shared Sensation<span aria-hidden=""true"" class=""PDq2pG_selectionAnchor""></span>
</h2>
<p data-start=""8241"" data-end=""8538"">Tyler was designed as a dual wearable system that enhances sensation through simultaneous stimulation support. Its structure focuses on shared engagement and stability, allowing consistent performance during use. The dual-ring design ensures a secure fit while maintaining flexibility and comfort.</p>
<hr data-start=""8540"" data-end=""8543"">
<h2 data-section-id=""1r8frcv"" data-start=""8545"" data-end=""8574"">Frequently Asked Questions</h2>
<p data-start=""8576"" data-end=""8681""><strong data-start=""8576"" data-end=""8601"">What is SVAKOM Tyler?</strong><br data-start=""8601"" data-end=""8604"">Tyler is a dual wearable cock ring designed for enhanced stimulation support.</p>
<p data-start=""8683"" data-end=""8777""><strong data-start=""8683"" data-end=""8709"">What does “dual” mean?</strong><br data-start=""8709"" data-end=""8712"">It uses two support points for more stable and layered sensation.</p>
<p data-start=""8779"" data-end=""8860""><strong data-start=""8779"" data-end=""8801"">Is it comfortable?</strong><br data-start=""8801"" data-end=""8804"">Yes. It is designed with flexible materials for comfort.</p>
<p data-start=""8862"" data-end=""8918""><strong data-start=""8862"" data-end=""8890"">Is it beginner-friendly?</strong><br data-start=""8890"" data-end=""8893"">Yes. It is simple to use.</p>
<p data-start=""8920"" data-end=""8966""><strong data-start=""8920"" data-end=""8941"">Is it waterproof?</strong><br data-start=""8941"" data-end=""8944"">Yes. It is waterproof.</p>
<!---->",media/dual-wearable-cock-ring/SRING-01-BLK_1.webp|media/dual-wearable-cock-ring/SRING-01-BLK_2.webp|media/dual-wearable-cock-ring/SRING-01-BLK_3.webp|media/dual-wearable-cock-ring/SRING-01-BLK_4.webp|media/dual-wearable-cock-ring/SRING-01-BLK_5.webp|media/dual-wearable-cock-ring/SRING-01-BLK_6.webp|media/dual-wearable-cock-ring/SRING-01-BLK_7.webp|media/dual-wearable-cock-ring/SRING-01-BLK_8.webp|media/dual-wearable-cock-ring/SRING-01-BLK_9.webp,https://cdn.shopify.com/s/files/1/0659/3334/4986/files/Tyler_svakom_1.webp|https://cdn.shopify.com/s/files/1/0659/3334/4986/files/TYLER_GIF.webp|https://cdn.shopify.com/s/files/1/0659/3334/4986/files/Tyler_svakom_2.webp|https://cdn.shopify.com/s/files/1/0659/3334/4986/files/Tyler_svakom_3.webp|https://cdn.shopify.com/s/files/1/0659/3334/4986/files/Tyler_svakom_4.webp|https://cdn.shopify.com/s/files/1/0659/3334/4986/files/Tyler_svakom_5.webp|https://cdn.shopify.com/s/files/1/0659/3334/4986/files/Tyler_svakom_6.webp|https://cdn.shopify.com/s/files/1/0659/3334/4986/files/Tyler_svakom_7.webp|https://cdn.shopify.com/s/files/1/0659/3334/4986/files/Tyler_svakom_8.webp,9,1,SRING-01-BLK,67.95,67.95,"[{""sku"": ""SRING-01-BLK"", ""title"": ""Black"", ""price"": ""67.95"", ""compare_at_price"": null, ""available"": true, ""weight_grams"": 255}]"
7731229753562,NOVA,kegel-balls,https://www.svakom.com/products/kegel-balls,Kegel Exercisers,"All Products, beginner's sex toys, female sex toys, kegel-balls, sex toys, Verishop","Strength You Build From Within

Nova was designed to support internal muscle training through a simple, comfortable wearable structure. It focuses on helping users build awareness and control over time, turning a subtle daily practice into something consistent and natural. Lightweight and easy to use, Nova fits seamlessly into everyday routines without interruption.

Frequently Asked Questions

What is SVAKOM Nova?
SVAKOM Nova is a set of Kegel balls designed for pelvic floor training.

What is it used for?
It helps strengthen internal muscles through regular use.

Is it comfortable to wear?
Yes. It is designed for comfortable and discreet wear.

Is it suitable for beginners?
Yes. It is ideal for starting pelvic floor training.

How long should I use it?
Usage time varies depending on comfort and experience level.","<h2 data-section-id=""c1qjk6"" data-start=""1926"" data-end=""1959"" class=""PDq2pG_selectionAnchorContainer"">Strength You Build From Within<span aria-hidden=""true"" class=""PDq2pG_selectionAnchor""></span>
</h2>
<p data-start=""1961"" data-end=""2297"">Nova was designed to support internal muscle training through a simple, comfortable wearable structure. It focuses on helping users build awareness and control over time, turning a subtle daily practice into something consistent and natural. Lightweight and easy to use, Nova fits seamlessly into everyday routines without interruption.</p>
<hr data-start=""2299"" data-end=""2302"">
<h2 data-section-id=""1r8frcv"" data-start=""2304"" data-end=""2333"">Frequently Asked Questions</h2>
<p data-start=""2335"" data-end=""2433""><strong data-start=""2335"" data-end=""2359"">What is SVAKOM Nova?</strong><br data-start=""2359"" data-end=""2362"">SVAKOM Nova is a set of Kegel balls designed for pelvic floor training.</p>
<p data-start=""2435"" data-end=""2519""><strong data-start=""2435"" data-end=""2459"">What is it used for?</strong><br data-start=""2459"" data-end=""2462"">It helps strengthen internal muscles through regular use.</p>
<p data-start=""2521"" data-end=""2608""><strong data-start=""2521"" data-end=""2551"">Is it comfortable to wear?</strong><br data-start=""2551"" data-end=""2554"">Yes. It is designed for comfortable and discreet wear.</p>
<p data-start=""2610"" data-end=""2698""><strong data-start=""2610"" data-end=""2643"">Is it suitable for beginners?</strong><br data-start=""2643"" data-end=""2646"">Yes. It is ideal for starting pelvic floor training.</p>
<p data-start=""2700"" data-end=""2792""><strong data-start=""2700"" data-end=""2729"">How long should I use it?</strong><br data-start=""2729"" data-end=""2732"">Usage time varies depending on comfort and experience level.</p>
<!---->",media/kegel-balls/6959633100783_1.webp|media/kegel-balls/6959633100783_2.webp|media/kegel-balls/6959633100783_3.webp|media/kegel-balls/6959633100783_4.webp|media/kegel-balls/6959633100783_5.webp|media/kegel-balls/6959633100783_6.webp|media/kegel-balls/6959633100783_7.webp|media/kegel-balls/6959633100783_8.webp|media/kegel-balls/6959633100783_9.webp|media/kegel-balls/6959633100783_10.webp,https://cdn.shopify.com/s/files/1/0659/3334/4986/files/Nova_svakom_1.webp|https://cdn.shopify.com/s/files/1/0659/3334/4986/files/NOVA_GIF.webp|https://cdn.shopify.com/s/files/1/0659/3334/4986/files/Nova_svakom_2.webp|https://cdn.shopify.com/s/files/1/0659/3334/4986/files/Nova_svakom_3.webp|https://cdn.shopify.com/s/files/1/0659/3334/4986/files/Nova_svakom_4.webp|https://cdn.shopify.com/s/files/1/0659/3334/4986/files/Nova_svakom_5.webp|https://cdn.shopify.com/s/files/1/0659/3334/4986/files/Nova_svakom_6.webp|https://cdn.shopify.com/s/files/1/0659/3334/4986/files/Nova_svakom_7.webp|https://cdn.shopify.com/s/files/1/0659/3334/4986/files/Nova_svakom_9.webp|https://cdn.shopify.com/s/files/1/0659/3334/4986/files/Nova_svakom_8.webp,10,2,6959633100783|6959633100790,32.95,32.95,"[{""sku"": ""6959633100783"", ""title"": ""Plum Red"", ""price"": ""32.95"", ""compare_at_price"": ""43.95"", ""available"": true, ""weight_grams"": 454}, {""sku"": ""6959633100790"", ""title"": ""Violet"", ""price"": ""32.95"", ""compare_at_price"": ""43.95"", ""available"": false, ""weight_grams"": 454}]"
7731229688026,MINI EMMA,wand-massager,https://www.svakom.com/products/wand-massager,Sensations,"hidden, Hidden recommendation, Hidden upsell recommendation, Verishop",,<!---->,media/wand-massager/SVA-02M-V_1.png|media/wand-massager/SVA-02M-V_2.webp|media/wand-massager/SVA-02M-V_3.png|media/wand-massager/SVA-02M-V_4.png|media/wand-massager/SVA-02M-V_5.png|media/wand-massager/SVA-02M-V_6.jpg,https://cdn.shopify.com/s/files/1/0659/3334/4986/files/MINI-EMMA.png|https://cdn.shopify.com/s/files/1/0659/3334/4986/files/MINI-EMMA_GIF.webp|https://cdn.shopify.com/s/files/1/0659/3334/4986/files/MINI-EMMA-Svakom-135998881.png|https://cdn.shopify.com/s/files/1/0659/3334/4986/files/MINI_EMMA-B.png|https://cdn.shopify.com/s/files/1/0659/3334/4986/files/MINI-EMMA-Svakom-135999059.png|https://cdn.shopify.com/s/files/1/0659/3334/4986/files/MINI-EMMA-Svakom-135999144.jpg,6,2,SVA-02M-V|SVA-02M-PMR,59.95,59.95,"[{""sku"": ""SVA-02M-V"", ""title"": ""Violet"", ""price"": ""59.95"", ""compare_at_price"": null, ""available"": false, ""weight_grams"": 425}, {""sku"": ""SVA-02M-PMR"", ""title"": ""Plum Red"", ""price"": ""59.95"", ""compare_at_price"": null, ""available"": false, ""weight_grams"": 425}]"
7727851995354,PHOENIX NEO,bullet-vibrator-phoenix-neo,https://www.svakom.com/products/bullet-vibrator-phoenix-neo,Sensations,"awards, Disable SATCB, hidden, Hidden recommendation, Hidden upsell recommendation, UNSOLD",,<!---->,media/bullet-vibrator-phoenix-neo/S94_1.png|media/bullet-vibrator-phoenix-neo/S94_2.png|media/bullet-vibrator-phoenix-neo/S94_3.png|media/bullet-vibrator-phoenix-neo/S94_4.png,https://cdn.shopify.com/s/files/1/0659/3334/4986/files/PHOENIX-NEO.png|https://cdn.shopify.com/s/files/1/0659/3334/4986/files/PHOENIX-NEO-Svakom-135997512.png|https://cdn.shopify.com/s/files/1/0659/3334/4986/files/PHOENIX-NEO-Svakom-135997651.png|https://cdn.shopify.com/s/files/1/0659/3334/4986/files/PHOENIX-NEO-Svakom-135997790.png,4,1,S94,95.95,95.95,"[{""sku"": ""S94"", ""title"": ""Red"", ""price"": ""95.95"", ""compare_at_price"": null, ""available"": false, ""weight_grams"": 255}]"
